"Hand (1st,2nd / Dealer's)",Current Money,Player Totals,Dealer Totals,Player 1st Card,Player 2nd Card,Dealer 1st Card,Dealer 2nd Card,Hit Count,Outcome,Double,Split,Player Hand,Overall Win,Overall Loss,Win Only,Loss Only,Bust,Dealer Bust,Blackjack,Push,Win Only %,Overall Win %,Overall Loss %,Dealer Bust %,Loss Only %,Bust %,Blackjack %,Push %
"10,10 / 10",2882,2882,2882,2882,2882,2882,2882,2882,2882,2882,2882,2882,1586,302,967,302,0,619,0,994,nan%,55.03%,10.48%,21.48%,10.48%,0.00%,0.00%,34.49%
"10,10 / 11",776,776,776,776,776,776,776,776,776,776,776,776,414,263,233,263,0,181,0,99,nan%,53.35%,33.89%,23.32%,33.89%,0.00%,0.00%,12.76%
"10,10 / 2",770,770,770,770,770,770,770,770,770,770,770,770,578,86,278,86,0,300,0,106,nan%,75.06%,11.17%,38.96%,11.17%,0.00%,0.00%,13.77%
"10,10 / 3",717,717,717,717,717,717,717,717,717,717,717,717,529,95,258,95,0,271,0,93,nan%,73.78%,13.25%,37.80%,13.25%,0.00%,0.00%,12.97%
"10,10 / 4",724,724,724,724,724,724,724,724,724,724,724,724,569,74,275,74,0,294,0,81,nan%,78.59%,10.22%,40.61%,10.22%,0.00%,0.00%,11.19%
"10,10 / 5",715,715,715,715,715,715,715,715,715,715,715,715,566,70,256,70,0,310,0,79,nan%,79.16%,9.79%,43.36%,9.79%,0.00%,0.00%,11.05%
"10,10 / 6",748,748,748,748,748,748,748,748,748,748,748,748,598,79,286,79,0,312,0,71,nan%,79.95%,10.56%,41.71%,10.56%,0.00%,0.00%,9.49%
"10,10 / 7",722,722,722,722,722,722,722,722,722,722,722,722,603,65,411,65,0,192,0,54,nan%,83.52%,9.00%,26.59%,9.00%,0.00%,0.00%,7.48%
"10,10 / 8",728,728,728,728,728,728,728,728,728,728,728,728,654,32,462,32,0,192,0,42,nan%,89.84%,4.40%,26.37%,4.40%,0.00%,0.00%,5.77%
"10,10 / 9",766,766,766,766,766,766,766,766,766,766,766,766,610,55,421,55,0,189,0,101,nan%,79.63%,7.18%,24.67%,7.18%,0.00%,0.00%,13.19%
"10,11 / 10",1404,1404,1404,1404,1404,1404,1404,1404,1404,1404,1404,1404,1304,0,0,0,0,0,1304,100,nan%,92.88%,0.00%,0.00%,0.00%,0.00%,92.88%,7.12%
"10,11 / 11",396,396,396,396,396,396,396,396,396,396,396,396,274,0,0,0,0,0,274,122,nan%,69.19%,0.00%,0.00%,0.00%,0.00%,69.19%,30.81%
"10,11 / 2",373,373,373,373,373,373,373,373,373,373,373,373,373,0,0,0,0,0,373,0,nan%,100.00%,0.00%,0.00%,0.00%,0.00%,100.00%,0.00%
"10,11 / 3",373,373,373,373,373,373,373,373,373,373,373,373,373,0,0,0,0,0,373,0,nan%,100.00%,0.00%,0.00%,0.00%,0.00%,100.00%,0.00%
"10,11 / 4",346,346,346,346,346,346,346,346,346,346,346,346,346,0,0,0,0,0,346,0,nan%,100.00%,0.00%,0.00%,0.00%,0.00%,100.00%,0.00%
"10,11 / 5",362,362,362,362,362,362,362,362,362,362,362,362,362,0,0,0,0,0,362,0,nan%,100.00%,0.00%,0.00%,0.00%,0.00%,100.00%,0.00%
"10,11 / 6",329,329,329,329,329,329,329,329,329,329,329,329,329,0,0,0,0,0,329,0,nan%,100.00%,0.00%,0.00%,0.00%,0.00%,100.00%,0.00%
"10,11 / 7",401,401,401,401,401,401,401,401,401,401,401,401,401,0,0,0,0,0,401,0,nan%,100.00%,0.00%,0.00%,0.00%,0.00%,100.00%,0.00%
"10,11 / 8",338,338,338,338,338,338,338,338,338,338,338,338,338,0,0,0,0,0,338,0,nan%,100.00%,0.00%,0.00%,0.00%,0.00%,100.00%,0.00%
"10,11 / 9",368,368,368,368,368,368,368,368,368,368,368,368,368,0,0,0,0,0,368,0,nan%,100.00%,0.00%,0.00%,0.00%,0.00%,100.00%,0.00%
"11,11 / 10",358,358,358,358,358,358,358,358,358,358,358,358,173,145,111,73,72,62,0,40,nan%,48.32%,40.50%,17.32%,20.39%,20.11%,0.00%,11.17%
"11,11 / 11",110,110,110,110,110,110,110,110,110,110,110,110,43,53,19,28,25,24,0,14,nan%,39.09%,48.18%,21.82%,25.45%,22.73%,0.00%,12.73%
"11,11 / 2",84,84,84,84,84,84,84,84,84,84,84,84,56,24,19,22,2,37,0,4,nan%,66.67%,28.57%,44.05%,26.19%,2.38%,0.00%,4.76%
"11,11 / 3",100,100,100,100,100,100,100,100,100,100,100,100,56,34,23,31,3,33,0,10,nan%,56.00%,34.00%,33.00%,31.00%,3.00%,0.00%,10.00%
"11,11 / 4",86,86,86,86,86,86,86,86,86,86,86,86,58,19,20,19,0,38,0,9,nan%,67.44%,22.09%,44.19%,22.09%,0.00%,0.00%,10.47%
"11,11 / 5",84,84,84,84,84,84,84,84,84,84,84,84,43,35,15,35,0,28,0,6,nan%,51.19%,41.67%,33.33%,41.67%,0.00%,0.00%,7.14%
"11,11 / 6",102,102,102,102,102,102,102,102,102,102,102,102,65,31,31,31,0,34,0,6,nan%,63.73%,30.39%,33.33%,30.39%,0.00%,0.00%,5.88%
"11,11 / 7",74,74,74,74,74,74,74,74,74,74,74,74,46,22,22,4,18,24,0,6,nan%,62.16%,29.73%,32.43%,5.41%,24.32%,0.00%,8.11%
"11,11 / 8",106,106,106,106,106,106,106,106,106,106,106,106,55,40,38,12,28,17,0,11,nan%,51.89%,37.74%,16.04%,11.32%,26.42%,0.00%,10.38%
"11,11 / 9",112,112,112,112,112,112,112,112,112,112,112,112,59,37,34,15,22,25,0,16,nan%,52.68%,33.04%,22.32%,13.39%,19.64%,0.00%,14.29%
"2,10 / 10",1451,1451,1451,1451,1451,1451,1451,1451,1451,1451,1451,1451,329,998,185,291,707,144,0,124,nan%,22.67%,68.78%,9.92%,20.06%,48.73%,0.00%,8.55%
"2,10 / 11",353,353,353,353,353,353,353,353,353,353,353,353,89,251,47,73,178,42,0,13,nan%,25.21%,71.10%,11.90%,20.68%,50.42%,0.00%,3.68%
"2,10 / 2",362,362,362,362,362,362,362,362,362,362,362,362,122,229,42,108,121,80,0,11,nan%,33.70%,63.26%,22.10%,29.83%,33.43%,0.00%,3.04%
"2,10 / 3",351,351,351,351,351,351,351,351,351,351,351,351,133,201,33,97,104,100,0,17,nan%,37.89%,57.26%,28.49%,27.64%,29.63%,0.00%,4.84%
"2,10 / 4",382,382,382,382,382,382,382,382,382,382,382,382,168,214,0,214,0,168,0,0,nan%,43.98%,56.02%,43.98%,56.02%,0.00%,0.00%,0.00%
"2,10 / 5",364,364,364,364,364,364,364,364,364,364,364,364,162,202,0,202,0,162,0,0,nan%,44.51%,55.49%,44.51%,55.49%,0.00%,0.00%,0.00%
"2,10 / 6",338,338,338,338,338,338,338,338,338,338,338,338,136,202,0,202,0,136,0,0,nan%,40.24%,59.76%,40.24%,59.76%,0.00%,0.00%,0.00%
"2,10 / 7",392,392,392,392,392,392,392,392,392,392,392,392,140,221,86,31,190,54,0,31,nan%,35.71%,56.38%,13.78%,7.91%,48.47%,0.00%,7.91%
"2,10 / 8",385,385,385,385,385,385,385,385,385,385,385,385,137,215,79,51,164,58,0,33,nan%,35.58%,55.84%,15.06%,13.25%,42.60%,0.00%,8.57%
"2,10 / 9",355,355,355,355,355,355,355,355,355,355,355,355,104,230,65,48,182,39,0,21,nan%,29.30%,64.79%,10.99%,13.52%,51.27%,0.00%,5.92%
"2,11 / 10",379,379,379,379,379,379,379,379,379,379,379,379,139,205,89,87,118,50,0,35,nan%,36.68%,54.09%,13.19%,22.96%,31.13%,0.00%,9.23%
"2,11 / 11",77,77,77,77,77,77,77,77,77,77,77,77,31,39,16,20,19,15,0,7,nan%,40.26%,50.65%,19.48%,25.97%,24.68%,0.00%,9.09%
"2,11 / 2",72,72,72,72,72,72,72,72,72,72,72,72,37,30,10,27,3,27,0,5,nan%,51.39%,41.67%,37.50%,37.50%,4.17%,0.00%,6.94%
"2,11 / 3",88,88,88,88,88,88,88,88,88,88,88,88,46,36,8,34,2,38,0,6,nan%,52.27%,40.91%,43.18%,38.64%,2.27%,0.00%,6.82%
"2,11 / 4",89,89,89,89,89,89,89,89,89,89,89,89,43,41,12,41,0,31,0,5,nan%,48.31%,46.07%,34.83%,46.07%,0.00%,0.00%,5.62%
"2,11 / 5",88,88,88,88,88,88,88,88,88,88,88,88,42,41,7,41,0,35,0,5,nan%,47.73%,46.59%,39.77%,46.59%,0.00%,0.00%,5.68%
"2,11 / 6",85,85,85,85,85,85,85,85,85,85,85,85,42,41,11,41,0,31,0,2,nan%,49.41%,48.24%,36.47%,48.24%,0.00%,0.00%,2.35%
"2,11 / 7",87,87,87,87,87,87,87,87,87,87,87,87,38,46,24,9,37,14,0,3,nan%,43.68%,52.87%,16.09%,10.34%,42.53%,0.00%,3.45%
"2,11 / 8",95,95,95,95,95,95,95,95,95,95,95,95,44,41,27,7,34,17,0,10,nan%,46.32%,43.16%,17.89%,7.37%,35.79%,0.00%,10.53%
"2,11 / 9",77,77,77,77,77,77,77,77,77,77,77,77,28,44,16,12,32,12,0,5,nan%,36.36%,57.14%,15.58%,15.58%,41.56%,0.00%,6.49%
"2,2 / 10",183,183,183,183,183,183,183,183,183,183,183,183,51,111,25,37,74,26,0,21,nan%,27.87%,60.66%,14.21%,20.22%,40.44%,0.00%,11.48%
"2,2 / 11",59,59,59,59,59,59,59,59,59,59,59,59,13,41,4,20,21,9,0,5,nan%,22.03%,69.49%,15.25%,33.90%,35.59%,0.00%,8.47%
"2,2 / 2",83,83,83,83,83,83,83,83,83,83,83,83,32,44,8,39,5,24,0,7,nan%,38.55%,53.01%,28.92%,46.99%,6.02%,0.00%,8.43%
"2,2 / 3",79,79,79,79,79,79,79,79,79,79,79,79,41,34,7,28,6,34,0,4,nan%,51.90%,43.04%,43.04%,35.44%,7.59%,0.00%,5.06%
"2,2 / 4",86,86,86,86,86,86,86,86,86,86,86,86,40,44,6,44,0,34,0,2,nan%,46.51%,51.16%,39.53%,51.16%,0.00%,0.00%,2.33%
"2,2 / 5",84,84,84,84,84,84,84,84,84,84,84,84,57,25,2,25,0,55,0,2,nan%,67.86%,29.76%,65.48%,29.76%,0.00%,0.00%,2.38%
"2,2 / 6",88,88,88,88,88,88,88,88,88,88,88,88,50,34,6,34,0,44,0,4,nan%,56.82%,38.64%,50.00%,38.64%,0.00%,0.00%,4.55%
"2,2 / 7",101,101,101,101,101,101,101,101,101,101,101,101,46,48,26,12,36,20,0,7,nan%,45.54%,47.52%,19.80%,11.88%,35.64%,0.00%,6.93%
"2,2 / 8",39,39,39,39,39,39,39,39,39,39,39,39,15,20,9,1,19,6,0,4,nan%,38.46%,51.28%,15.38%,2.56%,48.72%,0.00%,10.26%
"2,2 / 9",33,33,33,33,33,33,33,33,33,33,33,33,16,15,13,5,10,3,0,2,nan%,48.48%,45.45%,9.09%,15.15%,30.30%,0.00%,6.06%
"2,3 / 10",386,386,386,386,386,386,386,386,386,386,386,386,114,241,62,76,165,52,0,31,nan%,29.53%,62.44%,13.47%,19.69%,42.75%,0.00%,8.03%
"2,3 / 11",90,90,90,90,90,90,90,90,90,90,90,90,28,55,14,22,33,14,0,7,nan%,31.11%,61.11%,15.56%,24.44%,36.67%,0.00%,7.78%
"2,3 / 2",94,94,94,94,94,94,94,94,94,94,94,94,45,45,7,44,1,38,0,4,nan%,47.87%,47.87%,40.43%,46.81%,1.06%,0.00%,4.26%
"2,3 / 3",105,105,105,105,105,105,105,105,105,105,105,105,41,61,7,57,4,34,0,3,nan%,39.05%,58.10%,32.38%,54.29%,3.81%,0.00%,2.86%
"2,3 / 4",96,96,96,96,96,96,96,96,96,96,96,96,48,47,7,47,0,41,0,1,nan%,50.00%,48.96%,42.71%,48.96%,0.00%,0.00%,1.04%
"2,3 / 5",80,80,80,80,80,80,80,80,80,80,80,80,42,37,3,37,0,39,0,1,nan%,52.50%,46.25%,48.75%,46.25%,0.00%,0.00%,1.25%
"2,3 / 6",94,94,94,94,94,94,94,94,94,94,94,94,40,53,3,53,0,37,0,1,nan%,42.55%,56.38%,39.36%,56.38%,0.00%,0.00%,1.06%
"2,3 / 7",85,85,85,85,85,85,85,85,85,85,85,85,24,53,14,10,43,10,0,8,nan%,28.24%,62.35%,11.76%,11.76%,50.59%,0.00%,9.41%
"2,3 / 8",92,92,92,92,92,92,92,92,92,92,92,92,38,44,26,8,36,12,0,10,nan%,41.30%,47.83%,13.04%,8.70%,39.13%,0.00%,10.87%
"2,3 / 9",106,106,106,106,106,106,106,106,106,106,106,106,34,66,22,16,50,12,0,6,nan%,32.08%,62.26%,11.32%,15.09%,47.17%,0.00%,5.66%
"2,4 / 10",376,376,376,376,376,376,376,376,376,376,376,376,93,250,47,91,159,46,0,33,nan%,24.73%,66.49%,12.23%,24.20%,42.29%,0.00%,8.78%
"2,4 / 11",97,97,97,97,97,97,97,97,97,97,97,97,17,71,8,23,48,9,0,9,nan%,17.53%,73.20%,9.28%,23.71%,49.48%,0.00%,9.28%
"2,4 / 2",87,87,87,87,87,87,87,87,87,87,87,87,32,53,5,51,2,27,0,2,nan%,36.78%,60.92%,31.03%,58.62%,2.30%,0.00%,2.30%
"2,4 / 3",91,91,91,91,91,91,91,91,91,91,91,91,39,50,5,44,6,34,0,2,nan%,42.86%,54.95%,37.36%,48.35%,6.59%,0.00%,2.20%
"2,4 / 4",91,91,91,91,91,91,91,91,91,91,91,91,43,44,3,44,0,40,0,4,nan%,47.25%,48.35%,43.96%,48.35%,0.00%,0.00%,4.40%
"2,4 / 5",87,87,87,87,87,87,87,87,87,87,87,87,32,52,3,52,0,29,0,3,nan%,36.78%,59.77%,33.33%,59.77%,0.00%,0.00%,3.45%
"2,4 / 6",90,90,90,90,90,90,90,90,90,90,90,90,40,46,5,46,0,35,0,4,nan%,44.44%,51.11%,38.89%,51.11%,0.00%,0.00%,4.44%
"2,4 / 7",96,96,96,96,96,96,96,96,96,96,96,96,41,50,28,8,42,13,0,5,nan%,42.71%,52.08%,13.54%,8.33%,43.75%,0.00%,5.21%
"2,4 / 8",89,89,89,89,89,89,89,89,89,89,89,89,30,53,16,17,36,14,0,6,nan%,33.71%,59.55%,15.73%,19.10%,40.45%,0.00%,6.74%
"2,4 / 9",82,82,82,82,82,82,82,82,82,82,82,82,22,54,13,16,38,9,0,6,nan%,26.83%,65.85%,10.98%,19.51%,46.34%,0.00%,7.32%
"2,5 / 10",377,377,377,377,377,377,377,377,377,377,377,377,101,241,40,150,91,61,0,35,nan%,26.79%,63.93%,16.18%,39.79%,24.14%,0.00%,9.28%
"2,5 / 11",113,113,113,113,113,113,113,113,113,113,113,113,29,71,7,41,30,22,0,13,nan%,25.66%,62.83%,19.47%,36.28%,26.55%,0.00%,11.50%
"2,5 / 2",71,71,71,71,71,71,71,71,71,71,71,71,40,26,5,25,1,35,0,5,nan%,56.34%,36.62%,49.30%,35.21%,1.41%,0.00%,7.04%
"2,5 / 3",95,95,95,95,95,95,95,95,95,95,95,95,42,48,5,46,2,37,0,5,nan%,44.21%,50.53%,38.95%,48.42%,2.11%,0.00%,5.26%
"2,5 / 4",97,97,97,97,97,97,97,97,97,97,97,97,46,50,9,50,0,37,0,1,nan%,47.42%,51.55%,38.14%,51.55%,0.00%,0.00%,1.03%
"2,5 / 5",100,100,100,100,100,100,100,100,100,100,100,100,55,39,8,39,0,47,0,6,nan%,55.00%,39.00%,47.00%,39.00%,0.00%,0.00%,6.00%
"2,5 / 6",122,122,122,122,122,122,122,122,122,122,122,122,64,52,3,52,0,61,0,6,nan%,52.46%,42.62%,50.00%,42.62%,0.00%,0.00%,4.92%
"2,5 / 7",92,92,92,92,92,92,92,92,92,92,92,92,45,33,22,15,18,23,0,14,nan%,48.91%,35.87%,25.00%,16.30%,19.57%,0.00%,15.22%
"2,5 / 8",74,74,74,74,74,74,74,74,74,74,74,74,25,44,13,22,22,12,0,5,nan%,33.78%,59.46%,16.22%,29.73%,29.73%,0.00%,6.76%
"2,5 / 9",87,87,87,87,87,87,87,87,87,87,87,87,27,50,13,27,23,14,0,10,nan%,31.03%,57.47%,16.09%,31.03%,26.44%,0.00%,11.49%
"2,6 / 10",398,398,398,398,398,398,398,398,398,398,398,398,122,242,55,147,95,67,0,34,nan%,30.65%,60.80%,16.83%,36.93%,23.87%,0.00%,8.54%
"2,6 / 11",90,90,90,90,90,90,90,90,90,90,90,90,22,59,6,36,23,16,0,9,nan%,24.44%,65.56%,17.78%,40.00%,25.56%,0.00%,10.00%
"2,6 / 2",79,79,79,79,79,79,79,79,79,79,79,79,39,30,9,29,1,30,0,10,nan%,49.37%,37.97%,37.97%,36.71%,1.27%,0.00%,12.66%
"2,6 / 3",84,84,84,84,84,84,84,84,84,84,84,84,46,29,6,26,3,40,0,9,nan%,54.76%,34.52%,47.62%,30.95%,3.57%,0.00%,10.71%
"2,6 / 4",97,97,97,97,97,97,97,97,97,97,97,97,50,44,9,44,0,41,0,3,nan%,51.55%,45.36%,42.27%,45.36%,0.00%,0.00%,3.09%
"2,6 / 5",88,88,88,88,88,88,88,88,88,88,88,88,47,28,6,28,0,41,0,13,nan%,53.41%,31.82%,46.59%,31.82%,0.00%,0.00%,14.77%
"2,6 / 6",87,87,87,87,87,87,87,87,87,87,87,87,42,34,7,34,0,35,0,11,nan%,48.28%,39.08%,40.23%,39.08%,0.00%,0.00%,12.64%
"2,6 / 7",82,82,82,82,82,82,82,82,82,82,82,82,30,41,18,18,23,12,0,11,nan%,36.59%,50.00%,14.63%,21.95%,28.05%,0.00%,13.41%
"2,6 / 8",81,81,81,81,81,81,81,81,81,81,81,81,30,40,15,20,20,15,0,11,nan%,37.04%,49.38%,18.52%,24.69%,24.69%,0.00%,13.58%
"2,6 / 9",84,84,84,84,84,84,84,84,84,84,84,84,26,51,9,30,21,17,0,7,nan%,30.95%,60.71%,20.24%,35.71%,25.00%,0.00%,8.33%
"2,7 / 10",368,368,368,368,368,368,368,368,368,368,368,368,125,190,67,105,85,58,0,53,nan%,33.97%,51.63%,15.76%,28.53%,23.10%,0.00%,14.40%
"2,7 / 11",90,90,90,90,90,90,90,90,90,90,90,90,28,51,11,29,22,17,0,11,nan%,31.11%,56.67%,18.89%,32.22%,24.44%,0.00%,12.22%
"2,7 / 2",94,94,94,94,94,94,94,94,94,94,94,94,46,43,17,36,7,29,0,5,nan%,48.94%,45.74%,30.85%,38.30%,7.45%,0.00%,5.32%
"2,7 / 3",91,91,91,91,91,91,91,91,91,91,91,91,42,42,4,42,0,38,0,7,nan%,46.15%,46.15%,41.76%,46.15%,0.00%,0.00%,7.69%
"2,7 / 4",80,80,80,80,80,80,80,80,80,80,80,80,42,35,14,35,0,28,0,3,nan%,52.50%,43.75%,35.00%,43.75%,0.00%,0.00%,3.75%
"2,7 / 5",109,109,109,109,109,109,109,109,109,109,109,109,60,44,15,44,0,45,0,5,nan%,55.05%,40.37%,41.28%,40.37%,0.00%,0.00%,4.59%
"2,7 / 6",109,109,109,109,109,109,109,109,109,109,109,109,61,41,12,41,0,49,0,7,nan%,55.96%,37.61%,44.95%,37.61%,0.00%,0.00%,6.42%
"2,7 / 7",92,92,92,92,92,92,92,92,92,92,92,92,45,39,32,16,23,13,0,8,nan%,48.91%,42.39%,14.13%,17.39%,25.00%,0.00%,8.70%
"2,7 / 8",88,88,88,88,88,88,88,88,88,88,88,88,44,35,32,13,22,12,0,9,nan%,50.00%,39.77%,13.64%,14.77%,25.00%,0.00%,10.23%
"2,7 / 9",93,93,93,93,93,93,93,93,93,93,93,93,35,42,21,27,15,14,0,16,nan%,37.63%,45.16%,15.05%,29.03%,16.13%,0.00%,17.20%
"2,8 / 10",391,391,391,391,391,391,391,391,391,391,391,391,152,182,83,96,86,69,0,57,nan%,38.87%,46.55%,17.65%,24.55%,21.99%,0.00%,14.58%
"2,8 / 11",101,101,101,101,101,101,101,101,101,101,101,101,40,50,21,33,17,19,0,11,nan%,39.60%,49.50%,18.81%,32.67%,16.83%,0.00%,10.89%
"2,8 / 2",88,88,88,88,88,88,88,88,88,88,88,88,46,34,18,34,0,28,0,8,nan%,52.27%,38.64%,31.82%,38.64%,0.00%,0.00%,9.09%
"2,8 / 3",91,91,91,91,91,91,91,91,91,91,91,91,59,28,22,28,0,37,0,4,nan%,64.84%,30.77%,40.66%,30.77%,0.00%,0.00%,4.40%
"2,8 / 4",96,96,96,96,96,96,96,96,96,96,96,96,53,35,18,35,0,35,0,8,nan%,55.21%,36.46%,36.46%,36.46%,0.00%,0.00%,8.33%
"2,8 / 5",89,89,89,89,89,89,89,89,89,89,89,89,53,29,15,29,0,38,0,7,nan%,59.55%,32.58%,42.70%,32.58%,0.00%,0.00%,7.87%
"2,8 / 6",93,93,93,93,93,93,93,93,93,93,93,93,60,31,13,31,0,47,0,2,nan%,64.52%,33.33%,50.54%,33.33%,0.00%,0.00%,2.15%
"2,8 / 7",102,102,102,102,102,102,102,102,102,102,102,102,57,31,33,31,0,24,0,14,nan%,55.88%,30.39%,23.53%,30.39%,0.00%,0.00%,13.73%
"2,8 / 8",109,109,109,109,109,109,109,109,109,109,109,109,56,44,30,44,0,26,0,9,nan%,51.38%,40.37%,23.85%,40.37%,0.00%,0.00%,8.26%
"2,8 / 9",87,87,87,87,87,87,87,87,87,87,87,87,45,37,24,37,0,21,0,5,nan%,51.72%,42.53%,24.14%,42.53%,0.00%,0.00%,5.75%
"2,9 / 10",346,346,346,346,346,346,346,346,346,346,346,346,158,161,80,161,0,78,0,27,nan%,45.66%,46.53%,22.54%,46.53%,0.00%,0.00%,7.80%
"2,9 / 11",90,90,90,90,90,90,90,90,90,90,90,90,44,33,24,33,0,20,0,13,nan%,48.89%,36.67%,22.22%,36.67%,0.00%,0.00%,14.44%
"2,9 / 2",85,85,85,85,85,85,85,85,85,85,85,85,47,33,20,33,0,27,0,5,nan%,55.29%,38.82%,31.76%,38.82%,0.00%,0.00%,5.88%
"2,9 / 3",82,82,82,82,82,82,82,82,82,82,82,82,44,27,18,27,0,26,0,11,nan%,53.66%,32.93%,31.71%,32.93%,0.00%,0.00%,13.41%
"2,9 / 4",102,102,102,102,102,102,102,102,102,102,102,102,53,41,14,41,0,39,0,8,nan%,51.96%,40.20%,38.24%,40.20%,0.00%,0.00%,7.84%
"2,9 / 5",92,92,92,92,92,92,92,92,92,92,92,92,51,32,20,32,0,31,0,9,nan%,55.43%,34.78%,33.70%,34.78%,0.00%,0.00%,9.78%
"2,9 / 6",84,84,84,84,84,84,84,84,84,84,84,84,49,31,12,31,0,37,0,4,nan%,58.33%,36.90%,44.05%,36.90%,0.00%,0.00%,4.76%
"2,9 / 7",71,71,71,71,71,71,71,71,71,71,71,71,44,21,22,21,0,22,0,6,nan%,61.97%,29.58%,30.99%,29.58%,0.00%,0.00%,8.45%
"2,9 / 8",84,84,84,84,84,84,84,84,84,84,84,84,34,42,19,42,0,15,0,8,nan%,40.48%,50.00%,17.86%,50.00%,0.00%,0.00%,9.52%
"2,9 / 9",87,87,87,87,87,87,87,87,87,87,87,87,42,42,22,42,0,20,0,3,nan%,48.28%,48.28%,22.99%,48.28%,0.00%,0.00%,3.45%
"3,10 / 10",1501,1501,1501,1501,1501,1501,1501,1501,1501,1501,1501,1501,349,1031,202,254,777,147,0,121,nan%,23.25%,68.69%,9.79%,16.92%,51.77%,0.00%,8.06%
"3,10 / 11",358,358,358,358,358,358,358,358,358,358,358,358,64,253,27,68,185,37,0,41,nan%,17.88%,70.67%,10.34%,18.99%,51.68%,0.00%,11.45%
"3,10 / 2",364,364,364,364,364,364,364,364,364,364,364,364,141,223,0,223,0,141,0,0,nan%,38.74%,61.26%,38.74%,61.26%,0.00%,0.00%,0.00%
"3,10 / 3",369,369,369,369,369,369,369,369,369,369,369,369,152,217,0,217,0,152,0,0,nan%,41.19%,58.81%,41.19%,58.81%,0.00%,0.00%,0.00%
"3,10 / 4",375,375,375,375,375,375,375,375,375,375,375,375,148,227,0,227,0,148,0,0,nan%,39.47%,60.53%,39.47%,60.53%,0.00%,0.00%,0.00%
"3,10 / 5",340,340,340,340,340,340,340,340,340,340,340,340,135,205,0,205,0,135,0,0,nan%,39.71%,60.29%,39.71%,60.29%,0.00%,0.00%,0.00%
"3,10 / 6",362,362,362,362,362,362,362,362,362,362,362,362,143,219,0,219,0,143,0,0,nan%,39.50%,60.50%,39.50%,60.50%,0.00%,0.00%,0.00%
"3,10 / 7",377,377,377,377,377,377,377,377,377,377,377,377,125,232,82,26,206,43,0,20,nan%,33.16%,61.54%,11.41%,6.90%,54.64%,0.00%,5.31%
"3,10 / 8",376,376,376,376,376,376,376,376,376,376,376,376,113,234,76,47,187,37,0,29,nan%,30.05%,62.23%,9.84%,12.50%,49.73%,0.00%,7.71%
"3,10 / 9",360,360,360,360,360,360,360,360,360,360,360,360,97,228,63,47,181,34,0,35,nan%,26.94%,63.33%,9.44%,13.06%,50.28%,0.00%,9.72%
"3,11 / 10",373,373,373,373,373,373,373,373,373,373,373,373,147,182,84,66,116,63,0,44,nan%,39.41%,48.79%,16.89%,17.69%,31.10%,0.00%,11.80%
"3,11 / 11",94,94,94,94,94,94,94,94,94,94,94,94,36,47,16,17,30,20,0,11,nan%,38.30%,50.00%,21.28%,18.09%,31.91%,0.00%,11.70%
"3,11 / 2",106,106,106,106,106,106,106,106,106,106,106,106,41,59,7,57,2,34,0,6,nan%,38.68%,55.66%,32.08%,53.77%,1.89%,0.00%,5.66%
"3,11 / 3",100,100,100,100,100,100,100,100,100,100,100,100,56,37,12,33,4,44,0,7,nan%,56.00%,37.00%,44.00%,33.00%,4.00%,0.00%,7.00%
"3,11 / 4",76,76,76,76,76,76,76,76,76,76,76,76,40,31,6,31,0,34,0,5,nan%,52.63%,40.79%,44.74%,40.79%,0.00%,0.00%,6.58%
"3,11 / 5",97,97,97,97,97,97,97,97,97,97,97,97,49,43,6,43,0,43,0,5,nan%,50.52%,44.33%,44.33%,44.33%,0.00%,0.00%,5.15%
"3,11 / 6",102,102,102,102,102,102,102,102,102,102,102,102,50,49,15,49,0,35,0,3,nan%,49.02%,48.04%,34.31%,48.04%,0.00%,0.00%,2.94%
"3,11 / 7",96,96,96,96,96,96,96,96,96,96,96,96,52,36,28,10,26,24,0,8,nan%,54.17%,37.50%,25.00%,10.42%,27.08%,0.00%,8.33%
"3,11 / 8",79,79,79,79,79,79,79,79,79,79,79,79,31,38,25,10,28,6,0,10,nan%,39.24%,48.10%,7.59%,12.66%,35.44%,0.00%,12.66%
"3,11 / 9",98,98,98,98,98,98,98,98,98,98,98,98,40,46,25,14,32,15,0,12,nan%,40.82%,46.94%,15.31%,14.29%,32.65%,0.00%,12.24%
"3,3 / 10",180,180,180,180,180,180,180,180,180,180,180,180,46,113,22,36,77,24,0,21,nan%,25.56%,62.78%,13.33%,20.00%,42.78%,0.00%,11.67%
"3,3 / 11",49,49,49,49,49,49,49,49,49,49,49,49,10,34,5,15,19,5,0,5,nan%,20.41%,69.39%,10.20%,30.61%,38.78%,0.00%,10.20%
"3,3 / 2",91,91,91,91,91,91,91,91,91,91,91,91,42,45,6,42,3,36,0,4,nan%,46.15%,49.45%,39.56%,46.15%,3.30%,0.00%,4.40%
"3,3 / 3",96,96,96,96,96,96,96,96,96,96,96,96,50,40,8,38,2,42,0,6,nan%,52.08%,41.67%,43.75%,39.58%,2.08%,0.00%,6.25%
"3,3 / 4",81,81,81,81,81,81,81,81,81,81,81,81,35,45,5,45,0,30,0,1,nan%,43.21%,55.56%,37.04%,55.56%,0.00%,0.00%,1.23%
"3,3 / 5",116,116,116,116,116,116,116,116,116,116,116,116,53,59,2,59,0,51,0,4,nan%,45.69%,50.86%,43.97%,50.86%,0.00%,0.00%,3.45%
"3,3 / 6",92,92,92,92,92,92,92,92,92,92,92,92,56,32,10,32,0,46,0,4,nan%,60.87%,34.78%,50.00%,34.78%,0.00%,0.00%,4.35%
"3,3 / 7",91,91,91,91,91,91,91,91,91,91,91,91,30,52,16,12,40,14,0,9,nan%,32.97%,57.14%,15.38%,13.19%,43.96%,0.00%,9.89%
"3,3 / 8",34,34,34,34,34,34,34,34,34,34,34,34,8,26,3,6,20,5,0,0,nan%,23.53%,76.47%,14.71%,17.65%,58.82%,0.00%,0.00%
"3,3 / 9",45,45,45,45,45,45,45,45,45,45,45,45,13,29,3,11,18,10,0,3,nan%,28.89%,64.44%,22.22%,24.44%,40.00%,0.00%,6.67%
"3,4 / 10",416,416,416,416,416,416,416,416,416,416,416,416,107,272,45,168,104,62,0,37,nan%,25.72%,65.38%,14.90%,40.38%,25.00%,0.00%,8.89%
"3,4 / 11",102,102,102,102,102,102,102,102,102,102,102,102,25,71,9,41,30,16,0,6,nan%,24.51%,69.61%,15.69%,40.20%,29.41%,0.00%,5.88%
"3,4 / 2",99,99,99,99,99,99,99,99,99,99,99,99,42,50,1,48,2,41,0,7,nan%,42.42%,50.51%,41.41%,48.48%,2.02%,0.00%,7.07%
"3,4 / 3",96,96,96,96,96,96,96,96,96,96,96,96,40,50,6,47,3,34,0,6,nan%,41.67%,52.08%,35.42%,48.96%,3.12%,0.00%,6.25%
"3,4 / 4",91,91,91,91,91,91,91,91,91,91,91,91,42,45,2,45,0,40,0,4,nan%,46.15%,49.45%,43.96%,49.45%,0.00%,0.00%,4.40%
"3,4 / 5",95,95,95,95,95,95,95,95,95,95,95,95,46,41,5,41,0,41,0,8,nan%,48.42%,43.16%,43.16%,43.16%,0.00%,0.00%,8.42%
"3,4 / 6",92,92,92,92,92,92,92,92,92,92,92,92,45,39,6,39,0,39,0,8,nan%,48.91%,42.39%,42.39%,42.39%,0.00%,0.00%,8.70%
"3,4 / 7",86,86,86,86,86,86,86,86,86,86,86,86,30,43,11,16,27,19,0,13,nan%,34.88%,50.00%,22.09%,18.60%,31.40%,0.00%,15.12%
"3,4 / 8",102,102,102,102,102,102,102,102,102,102,102,102,32,55,18,23,32,14,0,15,nan%,31.37%,53.92%,13.73%,22.55%,31.37%,0.00%,14.71%
"3,4 / 9",106,106,106,106,106,106,106,106,106,106,106,106,33,67,16,32,35,17,0,6,nan%,31.13%,63.21%,16.04%,30.19%,33.02%,0.00%,5.66%
"3,5 / 10",375,375,375,375,375,375,375,375,375,375,375,375,115,210,58,125,85,57,0,50,nan%,30.67%,56.00%,15.20%,33.33%,22.67%,0.00%,13.33%
"3,5 / 11",84,84,84,84,84,84,84,84,84,84,84,84,29,44,13,27,17,16,0,11,nan%,34.52%,52.38%,19.05%,32.14%,20.24%,0.00%,13.10%
"3,5 / 2",78,78,78,78,78,78,78,78,78,78,78,78,34,41,6,37,4,28,0,3,nan%,43.59%,52.56%,35.90%,47.44%,5.13%,0.00%,3.85%
"3,5 / 3",76,76,76,76,76,76,76,76,76,76,76,76,37,35,8,32,3,29,0,4,nan%,48.68%,46.05%,38.16%,42.11%,3.95%,0.00%,5.26%
"3,5 / 4",104,104,104,104,104,104,104,104,104,104,104,104,48,48,9,48,0,39,0,8,nan%,46.15%,46.15%,37.50%,46.15%,0.00%,0.00%,7.69%
"3,5 / 5",82,82,82,82,82,82,82,82,82,82,82,82,41,35,5,35,0,36,0,6,nan%,50.00%,42.68%,43.90%,42.68%,0.00%,0.00%,7.32%
"3,5 / 6",81,81,81,81,81,81,81,81,81,81,81,81,46,29,8,29,0,38,0,6,nan%,56.79%,35.80%,46.91%,35.80%,0.00%,0.00%,7.41%
"3,5 / 7",79,79,79,79,79,79,79,79,79,79,79,79,33,37,22,15,22,11,0,9,nan%,41.77%,46.84%,13.92%,18.99%,27.85%,0.00%,11.39%
"3,5 / 8",110,110,110,110,110,110,110,110,110,110,110,110,44,48,24,22,26,20,0,18,nan%,40.00%,43.64%,18.18%,20.00%,23.64%,0.00%,16.36%
"3,5 / 9",94,94,94,94,94,94,94,94,94,94,94,94,36,39,18,25,14,18,0,19,nan%,38.30%,41.49%,19.15%,26.60%,14.89%,0.00%,20.21%
"3,6 / 10",350,350,350,350,350,350,350,350,350,350,350,350,128,184,62,111,73,66,0,38,nan%,36.57%,52.57%,18.86%,31.71%,20.86%,0.00%,10.86%
"3,6 / 11",106,106,106,106,106,106,106,106,106,106,106,106,35,61,8,26,35,27,0,10,nan%,33.02%,57.55%,25.47%,24.53%,33.02%,0.00%,9.43%
"3,6 / 2",95,95,95,95,95,95,95,95,95,95,95,95,51,37,13,36,1,38,0,7,nan%,53.68%,38.95%,40.00%,37.89%,1.05%,0.00%,7.37%
"3,6 / 3",88,88,88,88,88,88,88,88,88,88,88,88,38,40,9,40,0,29,0,10,nan%,43.18%,45.45%,32.95%,45.45%,0.00%,0.00%,11.36%
"3,6 / 4",85,85,85,85,85,85,85,85,85,85,85,85,42,36,12,36,0,30,0,7,nan%,49.41%,42.35%,35.29%,42.35%,0.00%,0.00%,8.24%
"3,6 / 5",83,83,83,83,83,83,83,83,83,83,83,83,46,32,11,32,0,35,0,5,nan%,55.42%,38.55%,42.17%,38.55%,0.00%,0.00%,6.02%
"3,6 / 6",85,85,85,85,85,85,85,85,85,85,85,85,48,33,6,33,0,42,0,4,nan%,56.47%,38.82%,49.41%,38.82%,0.00%,0.00%,4.71%
"3,6 / 7",107,107,107,107,107,107,107,107,107,107,107,107,56,43,36,15,28,20,0,8,nan%,52.34%,40.19%,18.69%,14.02%,26.17%,0.00%,7.48%
"3,6 / 8",99,99,99,99,99,99,99,99,99,99,99,99,49,36,28,18,18,21,0,14,nan%,49.49%,36.36%,21.21%,18.18%,18.18%,0.00%,14.14%
"3,6 / 9",95,95,95,95,95,95,95,95,95,95,95,95,43,33,23,17,16,20,0,19,nan%,45.26%,34.74%,21.05%,17.89%,16.84%,0.00%,20.00%
"3,7 / 10",368,368,368,368,368,368,368,368,368,368,368,368,142,169,78,95,74,64,0,57,nan%,38.59%,45.92%,17.39%,25.82%,20.11%,0.00%,15.49%
"3,7 / 11",113,113,113,113,113,113,113,113,113,113,113,113,47,56,25,36,20,22,0,10,nan%,41.59%,49.56%,19.47%,31.86%,17.70%,0.00%,8.85%
"3,7 / 2",90,90,90,90,90,90,90,90,90,90,90,90,46,34,14,34,0,32,0,10,nan%,51.11%,37.78%,35.56%,37.78%,0.00%,0.00%,11.11%
"3,7 / 3",116,116,116,116,116,116,116,116,116,116,116,116,61,46,18,46,0,43,0,9,nan%,52.59%,39.66%,37.07%,39.66%,0.00%,0.00%,7.76%
"3,7 / 4",94,94,94,94,94,94,94,94,94,94,94,94,55,29,14,29,0,41,0,10,nan%,58.51%,30.85%,43.62%,30.85%,0.00%,0.00%,10.64%
"3,7 / 5",88,88,88,88,88,88,88,88,88,88,88,88,46,30,14,30,0,32,0,12,nan%,52.27%,34.09%,36.36%,34.09%,0.00%,0.00%,13.64%
"3,7 / 6",94,94,94,94,94,94,94,94,94,94,94,94,55,35,16,35,0,39,0,4,nan%,58.51%,37.23%,41.49%,37.23%,0.00%,0.00%,4.26%
"3,7 / 7",76,76,76,76,76,76,76,76,76,76,76,76,39,30,21,30,0,18,0,7,nan%,51.32%,39.47%,23.68%,39.47%,0.00%,0.00%,9.21%
"3,7 / 8",83,83,83,83,83,83,83,83,83,83,83,83,42,35,26,35,0,16,0,6,nan%,50.60%,42.17%,19.28%,42.17%,0.00%,0.00%,7.23%
"3,7 / 9",90,90,90,90,90,90,90,90,90,90,90,90,46,35,30,35,0,16,0,9,nan%,51.11%,38.89%,17.78%,38.89%,0.00%,0.00%,10.00%
"3,8 / 10",348,348,348,348,348,348,348,348,348,348,348,348,147,165,82,165,0,65,0,36,nan%,42.24%,47.41%,18.68%,47.41%,0.00%,0.00%,10.34%
"3,8 / 11",90,90,90,90,90,90,90,90,90,90,90,90,29,44,10,44,0,19,0,17,nan%,32.22%,48.89%,21.11%,48.89%,0.00%,0.00%,18.89%
"3,8 / 2",85,85,85,85,85,85,85,85,85,85,85,85,52,28,16,28,0,36,0,5,nan%,61.18%,32.94%,42.35%,32.94%,0.00%,0.00%,5.88%
"3,8 / 3",80,80,80,80,80,80,80,80,80,80,80,80,43,32,12,32,0,31,0,5,nan%,53.75%,40.00%,38.75%,40.00%,0.00%,0.00%,6.25%
"3,8 / 4",80,80,80,80,80,80,80,80,80,80,80,80,42,34,10,34,0,32,0,4,nan%,52.50%,42.50%,40.00%,42.50%,0.00%,0.00%,5.00%
"3,8 / 5",96,96,96,96,96,96,96,96,96,96,96,96,64,24,26,24,0,38,0,8,nan%,66.67%,25.00%,39.58%,25.00%,0.00%,0.00%,8.33%
"3,8 / 6",81,81,81,81,81,81,81,81,81,81,81,81,57,21,22,21,0,35,0,3,nan%,70.37%,25.93%,43.21%,25.93%,0.00%,0.00%,3.70%
"3,8 / 7",89,89,89,89,89,89,89,89,89,89,89,89,49,30,26,30,0,23,0,10,nan%,55.06%,33.71%,25.84%,33.71%,0.00%,0.00%,11.24%
"3,8 / 8",103,103,103,103,103,103,103,103,103,103,103,103,61,26,33,26,0,28,0,16,nan%,59.22%,25.24%,27.18%,25.24%,0.00%,0.00%,15.53%
"3,8 / 9",95,95,95,95,95,95,95,95,95,95,95,95,47,40,30,40,0,17,0,8,nan%,49.47%,42.11%,17.89%,42.11%,0.00%,0.00%,8.42%
"3,9 / 10",346,346,346,346,346,346,346,346,346,346,346,346,81,237,40,61,176,41,0,28,nan%,23.41%,68.50%,11.85%,17.63%,50.87%,0.00%,8.09%
"3,9 / 11",84,84,84,84,84,84,84,84,84,84,84,84,19,59,7,18,41,12,0,6,nan%,22.62%,70.24%,14.29%,21.43%,48.81%,0.00%,7.14%
"3,9 / 2",79,79,79,79,79,79,79,79,79,79,79,79,29,45,10,22,23,19,0,5,nan%,36.71%,56.96%,24.05%,27.85%,29.11%,0.00%,6.33%
"3,9 / 3",84,84,84,84,84,84,84,84,84,84,84,84,26,54,14,22,32,12,0,4,nan%,30.95%,64.29%,14.29%,26.19%,38.10%,0.00%,4.76%
"3,9 / 4",79,79,79,79,79,79,79,79,79,79,79,79,26,53,0,53,0,26,0,0,nan%,32.91%,67.09%,32.91%,67.09%,0.00%,0.00%,0.00%
"3,9 / 5",94,94,94,94,94,94,94,94,94,94,94,94,50,44,0,44,0,50,0,0,nan%,53.19%,46.81%,53.19%,46.81%,0.00%,0.00%,0.00%
"3,9 / 6",84,84,84,84,84,84,84,84,84,84,84,84,42,42,0,42,0,42,0,0,nan%,50.00%,50.00%,50.00%,50.00%,0.00%,0.00%,0.00%
"3,9 / 7",88,88,88,88,88,88,88,88,88,88,88,88,30,53,20,8,45,10,0,5,nan%,34.09%,60.23%,11.36%,9.09%,51.14%,0.00%,5.68%
"3,9 / 8",78,78,78,78,78,78,78,78,78,78,78,78,33,42,21,6,36,12,0,3,nan%,42.31%,53.85%,15.38%,7.69%,46.15%,0.00%,3.85%
"3,9 / 9",87,87,87,87,87,87,87,87,87,87,87,87,33,46,19,14,32,14,0,8,nan%,37.93%,52.87%,16.09%,16.09%,36.78%,0.00%,9.20%
"4,10 / 10",1417,1417,1417,1417,1417,1417,1417,1417,1417,1417,1417,1417,310,1011,164,235,776,146,0,96,nan%,21.88%,71.35%,10.30%,16.58%,54.76%,0.00%,6.77%
"4,10 / 11",350,350,350,350,350,350,350,350,350,350,350,350,78,252,30,53,199,48,0,20,nan%,22.29%,72.00%,13.71%,15.14%,56.86%,0.00%,5.71%
"4,10 / 2",376,376,376,376,376,376,376,376,376,376,376,376,152,224,0,224,0,152,0,0,nan%,40.43%,59.57%,40.43%,59.57%,0.00%,0.00%,0.00%
"4,10 / 3",410,410,410,410,410,410,410,410,410,410,410,410,157,253,0,253,0,157,0,0,nan%,38.29%,61.71%,38.29%,61.71%,0.00%,0.00%,0.00%
"4,10 / 4",311,311,311,311,311,311,311,311,311,311,311,311,141,170,0,170,0,141,0,0,nan%,45.34%,54.66%,45.34%,54.66%,0.00%,0.00%,0.00%
"4,10 / 5",345,345,345,345,345,345,345,345,345,345,345,345,147,198,0,198,0,147,0,0,nan%,42.61%,57.39%,42.61%,57.39%,0.00%,0.00%,0.00%
"4,10 / 6",370,370,370,370,370,370,370,370,370,370,370,370,164,206,0,206,0,164,0,0,nan%,44.32%,55.68%,44.32%,55.68%,0.00%,0.00%,0.00%
"4,10 / 7",378,378,378,378,378,378,378,378,378,378,378,378,107,254,61,25,229,46,0,17,nan%,28.31%,67.20%,12.17%,6.61%,60.58%,0.00%,4.50%
"4,10 / 8",343,343,343,343,343,343,343,343,343,343,343,343,91,226,59,27,199,32,0,26,nan%,26.53%,65.89%,9.33%,7.87%,58.02%,0.00%,7.58%
"4,10 / 9",361,361,361,361,361,361,361,361,361,361,361,361,101,230,61,42,188,40,0,30,nan%,27.98%,63.71%,11.08%,11.63%,52.08%,0.00%,8.31%
"4,11 / 10",345,345,345,345,345,345,345,345,345,345,345,345,111,191,61,69,122,50,0,43,nan%,32.17%,55.36%,14.49%,20.00%,35.36%,0.00%,12.46%
"4,11 / 11",85,85,85,85,85,85,85,85,85,85,85,85,33,47,15,16,31,18,0,5,nan%,38.82%,55.29%,21.18%,18.82%,36.47%,0.00%,5.88%
"4,11 / 2",94,94,94,94,94,94,94,94,94,94,94,94,50,41,11,36,5,39,0,3,nan%,53.19%,43.62%,41.49%,38.30%,5.32%,0.00%,3.19%
"4,11 / 3",86,86,86,86,86,86,86,86,86,86,86,86,42,39,16,37,2,26,0,5,nan%,48.84%,45.35%,30.23%,43.02%,2.33%,0.00%,5.81%
"4,11 / 4",100,100,100,100,100,100,100,100,100,100,100,100,51,43,12,43,0,39,0,6,nan%,51.00%,43.00%,39.00%,43.00%,0.00%,0.00%,6.00%
"4,11 / 5",79,79,79,79,79,79,79,79,79,79,79,79,47,28,5,28,0,42,0,4,nan%,59.49%,35.44%,53.16%,35.44%,0.00%,0.00%,5.06%
"4,11 / 6",105,105,105,105,105,105,105,105,105,105,105,105,53,48,13,48,0,40,0,4,nan%,50.48%,45.71%,38.10%,45.71%,0.00%,0.00%,3.81%
"4,11 / 7",84,84,84,84,84,84,84,84,84,84,84,84,40,37,29,7,30,11,0,7,nan%,47.62%,44.05%,13.10%,8.33%,35.71%,0.00%,8.33%
"4,11 / 8",86,86,86,86,86,86,86,86,86,86,86,86,38,39,17,10,29,21,0,9,nan%,44.19%,45.35%,24.42%,11.63%,33.72%,0.00%,10.47%
"4,11 / 9",92,92,92,92,92,92,92,92,92,92,92,92,32,51,24,17,34,8,0,9,nan%,34.78%,55.43%,8.70%,18.48%,36.96%,0.00%,9.78%
"4,4 / 10",179,179,179,179,179,179,179,179,179,179,179,179,56,105,23,65,40,33,0,18,nan%,31.28%,58.66%,18.44%,36.31%,22.35%,0.00%,10.06%
"4,4 / 11",50,50,50,50,50,50,50,50,50,50,50,50,11,38,4,21,17,7,0,1,nan%,22.00%,76.00%,14.00%,42.00%,34.00%,0.00%,2.00%
"4,4 / 2",53,53,53,53,53,53,53,53,53,53,53,53,24,26,9,23,3,15,0,3,nan%,45.28%,49.06%,28.30%,43.40%,5.66%,0.00%,5.66%
"4,4 / 3",38,38,38,38,38,38,38,38,38,38,38,38,19,14,9,12,2,10,0,5,nan%,50.00%,36.84%,26.32%,31.58%,5.26%,0.00%,13.16%
"4,4 / 4",49,49,49,49,49,49,49,49,49,49,49,49,32,13,6,13,0,26,0,4,nan%,65.31%,26.53%,53.06%,26.53%,0.00%,0.00%,8.16%
"4,4 / 5",91,91,91,91,91,91,91,91,91,91,91,91,41,47,7,47,0,34,0,3,nan%,45.05%,51.65%,37.36%,51.65%,0.00%,0.00%,3.30%
"4,4 / 6",131,131,131,131,131,131,131,131,131,131,131,131,64,62,8,62,0,56,0,5,nan%,48.85%,47.33%,42.75%,47.33%,0.00%,0.00%,3.82%
"4,4 / 7",45,45,45,45,45,45,45,45,45,45,45,45,22,17,15,11,6,7,0,6,nan%,48.89%,37.78%,15.56%,24.44%,13.33%,0.00%,13.33%
"4,4 / 8",43,43,43,43,43,43,43,43,43,43,43,43,19,19,9,11,8,10,0,5,nan%,44.19%,44.19%,23.26%,25.58%,18.60%,0.00%,11.63%
"4,4 / 9",34,34,34,34,34,34,34,34,34,34,34,34,6,22,3,12,10,3,0,6,nan%,17.65%,64.71%,8.82%,35.29%,29.41%,0.00%,17.65%
"4,5 / 10",345,345,345,345,345,345,345,345,345,345,345,345,126,181,73,122,59,53,0,38,nan%,36.52%,52.46%,15.36%,35.36%,17.10%,0.00%,11.01%
"4,5 / 11",95,95,95,95,95,95,95,95,95,95,95,95,27,61,13,35,26,14,0,7,nan%,28.42%,64.21%,14.74%,36.84%,27.37%,0.00%,7.37%
"4,5 / 2",80,80,80,80,80,80,80,80,80,80,80,80,43,31,9,28,3,34,0,6,nan%,53.75%,38.75%,42.50%,35.00%,3.75%,0.00%,7.50%
"4,5 / 3",93,93,93,93,93,93,93,93,93,93,93,93,53,32,12,32,0,41,0,8,nan%,56.99%,34.41%,44.09%,34.41%,0.00%,0.00%,8.60%
"4,5 / 4",78,78,78,78,78,78,78,78,78,78,78,78,41,33,7,33,0,34,0,4,nan%,52.56%,42.31%,43.59%,42.31%,0.00%,0.00%,5.13%
"4,5 / 5",97,97,97,97,97,97,97,97,97,97,97,97,57,36,7,36,0,50,0,4,nan%,58.76%,37.11%,51.55%,37.11%,0.00%,0.00%,4.12%
"4,5 / 6",88,88,88,88,88,88,88,88,88,88,88,88,51,35,10,35,0,41,0,2,nan%,57.95%,39.77%,46.59%,39.77%,0.00%,0.00%,2.27%
"4,5 / 7",79,79,79,79,79,79,79,79,79,79,79,79,41,35,27,13,22,14,0,3,nan%,51.90%,44.30%,17.72%,16.46%,27.85%,0.00%,3.80%
"4,5 / 8",77,77,77,77,77,77,77,77,77,77,77,77,34,36,20,19,17,14,0,7,nan%,44.16%,46.75%,18.18%,24.68%,22.08%,0.00%,9.09%
"4,5 / 9",98,98,98,98,98,98,98,98,98,98,98,98,39,42,21,21,21,18,0,17,nan%,39.80%,42.86%,18.37%,21.43%,21.43%,0.00%,17.35%
"4,6 / 10",356,356,356,356,356,356,356,356,356,356,356,356,143,146,81,72,74,62,0,67,nan%,40.17%,41.01%,17.42%,20.22%,20.79%,0.00%,18.82%
"4,6 / 11",76,76,76,76,76,76,76,76,76,76,76,76,26,37,12,20,17,14,0,13,nan%,34.21%,48.68%,18.42%,26.32%,22.37%,0.00%,17.11%
"4,6 / 2",82,82,82,82,82,82,82,82,82,82,82,82,44,26,13,26,0,31,0,12,nan%,53.66%,31.71%,37.80%,31.71%,0.00%,0.00%,14.63%
"4,6 / 3",89,89,89,89,89,89,89,89,89,89,89,89,52,33,16,33,0,36,0,4,nan%,58.43%,37.08%,40.45%,37.08%,0.00%,0.00%,4.49%
"4,6 / 4",81,81,81,81,81,81,81,81,81,81,81,81,44,30,11,30,0,33,0,7,nan%,54.32%,37.04%,40.74%,37.04%,0.00%,0.00%,8.64%
"4,6 / 5",91,91,91,91,91,91,91,91,91,91,91,91,59,27,22,27,0,37,0,5,nan%,64.84%,29.67%,40.66%,29.67%,0.00%,0.00%,5.49%
"4,6 / 6",100,100,100,100,100,100,100,100,100,100,100,100,61,33,19,33,0,42,0,6,nan%,61.00%,33.00%,42.00%,33.00%,0.00%,0.00%,6.00%
"4,6 / 7",99,99,99,99,99,99,99,99,99,99,99,99,52,36,30,36,0,22,0,11,nan%,52.53%,36.36%,22.22%,36.36%,0.00%,0.00%,11.11%
"4,6 / 8",93,93,93,93,93,93,93,93,93,93,93,93,51,38,23,38,0,28,0,4,nan%,54.84%,40.86%,30.11%,40.86%,0.00%,0.00%,4.30%
"4,6 / 9",85,85,85,85,85,85,85,85,85,85,85,85,42,35,18,35,0,24,0,8,nan%,49.41%,41.18%,28.24%,41.18%,0.00%,0.00%,9.41%
"4,7 / 10",364,364,364,364,364,364,364,364,364,364,364,364,167,167,85,167,0,82,0,30,nan%,45.88%,45.88%,22.53%,45.88%,0.00%,0.00%,8.24%
"4,7 / 11",108,108,108,108,108,108,108,108,108,108,108,108,48,40,19,40,0,29,0,20,nan%,44.44%,37.04%,26.85%,37.04%,0.00%,0.00%,18.52%
"4,7 / 2",83,83,83,83,83,83,83,83,83,83,83,83,49,30,14,30,0,35,0,4,nan%,59.04%,36.14%,42.17%,36.14%,0.00%,0.00%,4.82%
"4,7 / 3",89,89,89,89,89,89,89,89,89,89,89,89,58,22,28,22,0,30,0,9,nan%,65.17%,24.72%,33.71%,24.72%,0.00%,0.00%,10.11%
"4,7 / 4",93,93,93,93,93,93,93,93,93,93,93,93,59,27,22,27,0,37,0,7,nan%,63.44%,29.03%,39.78%,29.03%,0.00%,0.00%,7.53%
"4,7 / 5",83,83,83,83,83,83,83,83,83,83,83,83,52,25,15,25,0,37,0,6,nan%,62.65%,30.12%,44.58%,30.12%,0.00%,0.00%,7.23%
"4,7 / 6",97,97,97,97,97,97,97,97,97,97,97,97,62,25,21,25,0,41,0,10,nan%,63.92%,25.77%,42.27%,25.77%,0.00%,0.00%,10.31%
"4,7 / 7",91,91,91,91,91,91,91,91,91,91,91,91,63,21,30,21,0,33,0,7,nan%,69.23%,23.08%,36.26%,23.08%,0.00%,0.00%,7.69%
"4,7 / 8",98,98,98,98,98,98,98,98,98,98,98,98,63,31,35,31,0,28,0,4,nan%,64.29%,31.63%,28.57%,31.63%,0.00%,0.00%,4.08%
"4,7 / 9",88,88,88,88,88,88,88,88,88,88,88,88,48,34,33,34,0,15,0,6,nan%,54.55%,38.64%,17.05%,38.64%,0.00%,0.00%,6.82%
"4,8 / 10",398,398,398,398,398,398,398,398,398,398,398,398,101,265,68,73,192,33,0,32,nan%,25.38%,66.58%,8.29%,18.34%,48.24%,0.00%,8.04%
"4,8 / 11",83,83,83,83,83,83,83,83,83,83,83,83,24,55,9,16,39,15,0,4,nan%,28.92%,66.27%,18.07%,19.28%,46.99%,0.00%,4.82%
"4,8 / 2",85,85,85,85,85,85,85,85,85,85,85,85,35,45,6,24,21,29,0,5,nan%,41.18%,52.94%,34.12%,28.24%,24.71%,0.00%,5.88%
"4,8 / 3",93,93,93,93,93,93,93,93,93,93,93,93,33,57,8,33,24,25,0,3,nan%,35.48%,61.29%,26.88%,35.48%,25.81%,0.00%,3.23%
"4,8 / 4",93,93,93,93,93,93,93,93,93,93,93,93,42,51,0,51,0,42,0,0,nan%,45.16%,54.84%,45.16%,54.84%,0.00%,0.00%,0.00%
"4,8 / 5",82,82,82,82,82,82,82,82,82,82,82,82,28,54,0,54,0,28,0,0,nan%,34.15%,65.85%,34.15%,65.85%,0.00%,0.00%,0.00%
"4,8 / 6",88,88,88,88,88,88,88,88,88,88,88,88,35,53,0,53,0,35,0,0,nan%,39.77%,60.23%,39.77%,60.23%,0.00%,0.00%,0.00%
"4,8 / 7",100,100,100,100,100,100,100,100,100,100,100,100,27,67,18,14,53,9,0,6,nan%,27.00%,67.00%,9.00%,14.00%,53.00%,0.00%,6.00%
"4,8 / 8",90,90,90,90,90,90,90,90,90,90,90,90,26,59,13,12,47,13,0,5,nan%,28.89%,65.56%,14.44%,13.33%,52.22%,0.00%,5.56%
"4,8 / 9",107,107,107,107,107,107,107,107,107,107,107,107,29,65,19,13,52,10,0,13,nan%,27.10%,60.75%,9.35%,12.15%,48.60%,0.00%,12.15%
"4,9 / 10",370,370,370,370,370,370,370,370,370,370,370,370,75,265,47,51,214,28,0,30,nan%,20.27%,71.62%,7.57%,13.78%,57.84%,0.00%,8.11%
"4,9 / 11",97,97,97,97,97,97,97,97,97,97,97,97,25,64,6,20,44,19,0,8,nan%,25.77%,65.98%,19.59%,20.62%,45.36%,0.00%,8.25%
"4,9 / 2",91,91,91,91,91,91,91,91,91,91,91,91,45,46,0,46,0,45,0,0,nan%,49.45%,50.55%,49.45%,50.55%,0.00%,0.00%,0.00%
"4,9 / 3",75,75,75,75,75,75,75,75,75,75,75,75,28,47,0,47,0,28,0,0,nan%,37.33%,62.67%,37.33%,62.67%,0.00%,0.00%,0.00%
"4,9 / 4",96,96,96,96,96,96,96,96,96,96,96,96,42,54,0,54,0,42,0,0,nan%,43.75%,56.25%,43.75%,56.25%,0.00%,0.00%,0.00%
"4,9 / 5",107,107,107,107,107,107,107,107,107,107,107,107,46,61,0,61,0,46,0,0,nan%,42.99%,57.01%,42.99%,57.01%,0.00%,0.00%,0.00%
"4,9 / 6",86,86,86,86,86,86,86,86,86,86,86,86,37,49,0,49,0,37,0,0,nan%,43.02%,56.98%,43.02%,56.98%,0.00%,0.00%,0.00%
"4,9 / 7",92,92,92,92,92,92,92,92,92,92,92,92,26,59,16,12,47,10,0,7,nan%,28.26%,64.13%,10.87%,13.04%,51.09%,0.00%,7.61%
"4,9 / 8",107,107,107,107,107,107,107,107,107,107,107,107,31,66,19,9,57,12,0,10,nan%,28.97%,61.68%,11.21%,8.41%,53.27%,0.00%,9.35%
"4,9 / 9",86,86,86,86,86,86,86,86,86,86,86,86,31,51,21,15,36,10,0,4,nan%,36.05%,59.30%,11.63%,17.44%,41.86%,0.00%,4.65%
"5,10 / 10",1459,1459,1459,1459,1459,1459,1459,1459,1459,1459,1459,1459,250,1134,136,213,921,114,0,75,nan%,17.14%,77.72%,7.81%,14.60%,63.13%,0.00%,5.14%
"5,10 / 11",368,368,368,368,368,368,368,368,368,368,368,368,60,283,21,57,226,39,0,25,nan%,16.30%,76.90%,10.60%,15.49%,61.41%,0.00%,6.79%
"5,10 / 2",370,370,370,370,370,370,370,370,370,370,370,370,134,236,0,236,0,134,0,0,nan%,36.22%,63.78%,36.22%,63.78%,0.00%,0.00%,0.00%
"5,10 / 3",359,359,359,359,359,359,359,359,359,359,359,359,129,230,0,230,0,129,0,0,nan%,35.93%,64.07%,35.93%,64.07%,0.00%,0.00%,0.00%
"5,10 / 4",328,328,328,328,328,328,328,328,328,328,328,328,138,190,0,190,0,138,0,0,nan%,42.07%,57.93%,42.07%,57.93%,0.00%,0.00%,0.00%
"5,10 / 5",379,379,379,379,379,379,379,379,379,379,379,379,172,207,0,207,0,172,0,0,nan%,45.38%,54.62%,45.38%,54.62%,0.00%,0.00%,0.00%
"5,10 / 6",351,351,351,351,351,351,351,351,351,351,351,351,153,198,0,198,0,153,0,0,nan%,43.59%,56.41%,43.59%,56.41%,0.00%,0.00%,0.00%
"5,10 / 7",353,353,353,353,353,353,353,353,353,353,353,353,111,226,64,31,195,47,0,16,nan%,31.44%,64.02%,13.31%,8.78%,55.24%,0.00%,4.53%
"5,10 / 8",343,343,343,343,343,343,343,343,343,343,343,343,92,223,56,33,190,36,0,28,nan%,26.82%,65.01%,10.50%,9.62%,55.39%,0.00%,8.16%
"5,10 / 9",388,388,388,388,388,388,388,388,388,388,388,388,93,274,49,49,225,44,0,21,nan%,23.97%,70.62%,11.34%,12.63%,57.99%,0.00%,5.41%
"5,11 / 10",338,338,338,338,338,338,338,338,338,338,338,338,110,199,71,70,129,39,0,29,nan%,32.54%,58.88%,11.54%,20.71%,38.17%,0.00%,8.58%
"5,11 / 11",75,75,75,75,75,75,75,75,75,75,75,75,27,40,14,16,24,13,0,8,nan%,36.00%,53.33%,17.33%,21.33%,32.00%,0.00%,10.67%
"5,11 / 2",94,94,94,94,94,94,94,94,94,94,94,94,51,41,13,39,2,38,0,2,nan%,54.26%,43.62%,40.43%,41.49%,2.13%,0.00%,2.13%
"5,11 / 3",107,107,107,107,107,107,107,107,107,107,107,107,58,43,16,40,3,42,0,6,nan%,54.21%,40.19%,39.25%,37.38%,2.80%,0.00%,5.61%
"5,11 / 4",78,78,78,78,78,78,78,78,78,78,78,78,34,39,4,39,0,30,0,5,nan%,43.59%,50.00%,38.46%,50.00%,0.00%,0.00%,6.41%
"5,11 / 5",66,66,66,66,66,66,66,66,66,66,66,66,35,26,14,26,0,21,0,5,nan%,53.03%,39.39%,31.82%,39.39%,0.00%,0.00%,7.58%
"5,11 / 6",106,106,106,106,106,106,106,106,106,106,106,106,58,44,9,44,0,49,0,4,nan%,54.72%,41.51%,46.23%,41.51%,0.00%,0.00%,3.77%
"5,11 / 7",95,95,95,95,95,95,95,95,95,95,95,95,50,39,31,9,30,19,0,6,nan%,52.63%,41.05%,20.00%,9.47%,31.58%,0.00%,6.32%
"5,11 / 8",81,81,81,81,81,81,81,81,81,81,81,81,23,50,17,17,33,6,0,8,nan%,28.40%,61.73%,7.41%,20.99%,40.74%,0.00%,9.88%
"5,11 / 9",86,86,86,86,86,86,86,86,86,86,86,86,35,44,22,13,31,13,0,7,nan%,40.70%,51.16%,15.12%,15.12%,36.05%,0.00%,8.14%
"5,5 / 10",192,192,192,192,192,192,192,192,192,192,192,192,61,94,33,56,38,28,0,37,nan%,31.77%,48.96%,14.58%,29.17%,19.79%,0.00%,19.27%
"5,5 / 11",56,56,56,56,56,56,56,56,56,56,56,56,19,31,8,17,14,11,0,6,nan%,33.93%,55.36%,19.64%,30.36%,25.00%,0.00%,10.71%
"5,5 / 2",44,44,44,44,44,44,44,44,44,44,44,44,25,17,5,17,0,20,0,2,nan%,56.82%,38.64%,45.45%,38.64%,0.00%,0.00%,4.55%
"5,5 / 3",49,49,49,49,49,49,49,49,49,49,49,49,26,17,11,17,0,15,0,6,nan%,53.06%,34.69%,30.61%,34.69%,0.00%,0.00%,12.24%
"5,5 / 4",41,41,41,41,41,41,41,41,41,41,41,41,24,14,7,14,0,17,0,3,nan%,58.54%,34.15%,41.46%,34.15%,0.00%,0.00%,7.32%
"5,5 / 5",48,48,48,48,48,48,48,48,48,48,48,48,27,17,5,17,0,22,0,4,nan%,56.25%,35.42%,45.83%,35.42%,0.00%,0.00%,8.33%
"5,5 / 6",43,43,43,43,43,43,43,43,43,43,43,43,25,15,7,15,0,18,0,3,nan%,58.14%,34.88%,41.86%,34.88%,0.00%,0.00%,6.98%
"5,5 / 7",51,51,51,51,51,51,51,51,51,51,51,51,28,22,13,22,0,15,0,1,nan%,54.90%,43.14%,29.41%,43.14%,0.00%,0.00%,1.96%
"5,5 / 8",50,50,50,50,50,50,50,50,50,50,50,50,27,19,8,19,0,19,0,4,nan%,54.00%,38.00%,38.00%,38.00%,0.00%,0.00%,8.00%
"5,5 / 9",47,47,47,47,47,47,47,47,47,47,47,47,21,20,12,20,0,9,0,6,nan%,44.68%,42.55%,19.15%,42.55%,0.00%,0.00%,12.77%
"5,6 / 10",369,369,369,369,369,369,369,369,369,369,369,369,197,148,106,148,0,91,0,24,nan%,53.39%,40.11%,24.66%,40.11%,0.00%,0.00%,6.50%
"5,6 / 11",92,92,92,92,92,92,92,92,92,92,92,92,46,40,15,40,0,31,0,6,nan%,50.00%,43.48%,33.70%,43.48%,0.00%,0.00%,6.52%
"5,6 / 2",99,99,99,99,99,99,99,99,99,99,99,99,59,30,21,30,0,38,0,10,nan%,59.60%,30.30%,38.38%,30.30%,0.00%,0.00%,10.10%
"5,6 / 3",104,104,104,104,104,104,104,104,104,104,104,104,62,34,21,34,0,41,0,8,nan%,59.62%,32.69%,39.42%,32.69%,0.00%,0.00%,7.69%
"5,6 / 4",81,81,81,81,81,81,81,81,81,81,81,81,49,29,22,29,0,27,0,3,nan%,60.49%,35.80%,33.33%,35.80%,0.00%,0.00%,3.70%
"5,6 / 5",85,85,85,85,85,85,85,85,85,85,85,85,51,26,16,26,0,35,0,8,nan%,60.00%,30.59%,41.18%,30.59%,0.00%,0.00%,9.41%
"5,6 / 6",85,85,85,85,85,85,85,85,85,85,85,85,48,34,15,34,0,33,0,3,nan%,56.47%,40.00%,38.82%,40.00%,0.00%,0.00%,3.53%
"5,6 / 7",80,80,80,80,80,80,80,80,80,80,80,80,43,28,20,28,0,23,0,9,nan%,53.75%,35.00%,28.75%,35.00%,0.00%,0.00%,11.25%
"5,6 / 8",74,74,74,74,74,74,74,74,74,74,74,74,42,25,24,25,0,18,0,7,nan%,56.76%,33.78%,24.32%,33.78%,0.00%,0.00%,9.46%
"5,6 / 9",96,96,96,96,96,96,96,96,96,96,96,96,47,46,26,46,0,21,0,3,nan%,48.96%,47.92%,21.88%,47.92%,0.00%,0.00%,3.12%
"5,7 / 10",392,392,392,392,392,392,392,392,392,392,392,392,98,259,46,67,192,52,0,35,nan%,25.00%,66.07%,13.27%,17.09%,48.98%,0.00%,8.93%
"5,7 / 11",113,113,113,113,113,113,113,113,113,113,113,113,25,74,10,22,52,15,0,14,nan%,22.12%,65.49%,13.27%,19.47%,46.02%,0.00%,12.39%
"5,7 / 2",95,95,95,95,95,95,95,95,95,95,95,95,38,49,15,18,31,23,0,8,nan%,40.00%,51.58%,24.21%,18.95%,32.63%,0.00%,8.42%
"5,7 / 3",86,86,86,86,86,86,86,86,86,86,86,86,31,48,6,20,28,25,0,7,nan%,36.05%,55.81%,29.07%,23.26%,32.56%,0.00%,8.14%
"5,7 / 4",106,106,106,106,106,106,106,106,106,106,106,106,38,68,0,68,0,38,0,0,nan%,35.85%,64.15%,35.85%,64.15%,0.00%,0.00%,0.00%
"5,7 / 5",91,91,91,91,91,91,91,91,91,91,91,91,44,47,0,47,0,44,0,0,nan%,48.35%,51.65%,48.35%,51.65%,0.00%,0.00%,0.00%
"5,7 / 6",105,105,105,105,105,105,105,105,105,105,105,105,41,64,0,64,0,41,0,0,nan%,39.05%,60.95%,39.05%,60.95%,0.00%,0.00%,0.00%
"5,7 / 7",84,84,84,84,84,84,84,84,84,84,84,84,36,44,21,3,41,15,0,4,nan%,42.86%,52.38%,17.86%,3.57%,48.81%,0.00%,4.76%
"5,7 / 8",89,89,89,89,89,89,89,89,89,89,89,89,22,59,13,11,48,9,0,8,nan%,24.72%,66.29%,10.11%,12.36%,53.93%,0.00%,8.99%
"5,7 / 9",98,98,98,98,98,98,98,98,98,98,98,98,23,66,12,16,50,11,0,9,nan%,23.47%,67.35%,11.22%,16.33%,51.02%,0.00%,9.18%
"5,8 / 10",369,369,369,369,369,369,369,369,369,369,369,369,78,268,40,62,206,38,0,23,nan%,21.14%,72.63%,10.30%,16.80%,55.83%,0.00%,6.23%
"5,8 / 11",91,91,91,91,91,91,91,91,91,91,91,91,21,64,6,12,52,15,0,6,nan%,23.08%,70.33%,16.48%,13.19%,57.14%,0.00%,6.59%
"5,8 / 2",101,101,101,101,101,101,101,101,101,101,101,101,32,69,0,69,0,32,0,0,nan%,31.68%,68.32%,31.68%,68.32%,0.00%,0.00%,0.00%
"5,8 / 3",99,99,99,99,99,99,99,99,99,99,99,99,35,64,0,64,0,35,0,0,nan%,35.35%,64.65%,35.35%,64.65%,0.00%,0.00%,0.00%
"5,8 / 4",103,103,103,103,103,103,103,103,103,103,103,103,44,59,0,59,0,44,0,0,nan%,42.72%,57.28%,42.72%,57.28%,0.00%,0.00%,0.00%
"5,8 / 5",102,102,102,102,102,102,102,102,102,102,102,102,47,55,0,55,0,47,0,0,nan%,46.08%,53.92%,46.08%,53.92%,0.00%,0.00%,0.00%
"5,8 / 6",84,84,84,84,84,84,84,84,84,84,84,84,32,52,0,52,0,32,0,0,nan%,38.10%,61.90%,38.10%,61.90%,0.00%,0.00%,0.00%
"5,8 / 7",106,106,106,106,106,106,106,106,106,106,106,106,41,60,27,9,51,14,0,5,nan%,38.68%,56.60%,13.21%,8.49%,48.11%,0.00%,4.72%
"5,8 / 8",89,89,89,89,89,89,89,89,89,89,89,89,28,59,17,7,52,11,0,2,nan%,31.46%,66.29%,12.36%,7.87%,58.43%,0.00%,2.25%
"5,8 / 9",103,103,103,103,103,103,103,103,103,103,103,103,25,70,12,18,52,13,0,8,nan%,24.27%,67.96%,12.62%,17.48%,50.49%,0.00%,7.77%
"5,9 / 10",366,366,366,366,366,366,366,366,366,366,366,366,67,269,36,76,193,31,0,30,nan%,18.31%,73.50%,8.47%,20.77%,52.73%,0.00%,8.20%
"5,9 / 11",78,78,78,78,78,78,78,78,78,78,78,78,17,58,8,14,44,9,0,3,nan%,21.79%,74.36%,11.54%,17.95%,56.41%,0.00%,3.85%
"5,9 / 2",104,104,104,104,104,104,104,104,104,104,104,104,44,60,0,60,0,44,0,0,nan%,42.31%,57.69%,42.31%,57.69%,0.00%,0.00%,0.00%
"5,9 / 3",102,102,102,102,102,102,102,102,102,102,102,102,35,67,0,67,0,35,0,0,nan%,34.31%,65.69%,34.31%,65.69%,0.00%,0.00%,0.00%
"5,9 / 4",88,88,88,88,88,88,88,88,88,88,88,88,30,58,0,58,0,30,0,0,nan%,34.09%,65.91%,34.09%,65.91%,0.00%,0.00%,0.00%
"5,9 / 5",88,88,88,88,88,88,88,88,88,88,88,88,38,50,0,50,0,38,0,0,nan%,43.18%,56.82%,43.18%,56.82%,0.00%,0.00%,0.00%
"5,9 / 6",78,78,78,78,78,78,78,78,78,78,78,78,36,42,0,42,0,36,0,0,nan%,46.15%,53.85%,46.15%,53.85%,0.00%,0.00%,0.00%
"5,9 / 7",88,88,88,88,88,88,88,88,88,88,88,88,23,56,13,4,52,10,0,9,nan%,26.14%,63.64%,11.36%,4.55%,59.09%,0.00%,10.23%
"5,9 / 8",99,99,99,99,99,99,99,99,99,99,99,99,28,63,17,7,56,11,0,8,nan%,28.28%,63.64%,11.11%,7.07%,56.57%,0.00%,8.08%
"5,9 / 9",73,73,73,73,73,73,73,73,73,73,73,73,18,48,9,7,41,9,0,7,nan%,24.66%,65.75%,12.33%,9.59%,56.16%,0.00%,9.59%
"6,10 / 10",1459,1459,1459,1459,1459,1459,1459,1459,1459,1459,1459,1459,254,1119,150,193,926,104,0,86,nan%,17.41%,76.70%,7.13%,13.23%,63.47%,0.00%,5.89%
"6,10 / 11",329,329,329,329,329,329,329,329,329,329,329,329,64,251,27,46,205,37,0,14,nan%,19.45%,76.29%,11.25%,13.98%,62.31%,0.00%,4.26%
"6,10 / 2",354,354,354,354,354,354,354,354,354,354,354,354,127,227,0,227,0,127,0,0,nan%,35.88%,64.12%,35.88%,64.12%,0.00%,0.00%,0.00%
"6,10 / 3",356,356,356,356,356,356,356,356,356,356,356,356,150,206,0,206,0,150,0,0,nan%,42.13%,57.87%,42.13%,57.87%,0.00%,0.00%,0.00%
"6,10 / 4",382,382,382,382,382,382,382,382,382,382,382,382,141,241,0,241,0,141,0,0,nan%,36.91%,63.09%,36.91%,63.09%,0.00%,0.00%,0.00%
"6,10 / 5",351,351,351,351,351,351,351,351,351,351,351,351,149,202,0,202,0,149,0,0,nan%,42.45%,57.55%,42.45%,57.55%,0.00%,0.00%,0.00%
"6,10 / 6",359,359,359,359,359,359,359,359,359,359,359,359,151,208,0,208,0,151,0,0,nan%,42.06%,57.94%,42.06%,57.94%,0.00%,0.00%,0.00%
"6,10 / 7",364,364,364,364,364,364,364,364,364,364,364,364,93,248,55,26,222,38,0,23,nan%,25.55%,68.13%,10.44%,7.14%,60.99%,0.00%,6.32%
"6,10 / 8",372,372,372,372,372,372,372,372,372,372,372,372,105,246,55,25,221,50,0,21,nan%,28.23%,66.13%,13.44%,6.72%,59.41%,0.00%,5.65%
"6,10 / 9",357,357,357,357,357,357,357,357,357,357,357,357,76,258,49,35,223,27,0,23,nan%,21.29%,72.27%,7.56%,9.80%,62.46%,0.00%,6.44%
"6,11 / 10",349,349,349,349,349,349,349,349,349,349,349,349,114,199,59,128,71,55,0,36,nan%,32.66%,57.02%,15.76%,36.68%,20.34%,0.00%,10.32%
"6,11 / 11",83,83,83,83,83,83,83,83,83,83,83,83,23,53,12,27,26,11,0,7,nan%,27.71%,63.86%,13.25%,32.53%,31.33%,0.00%,8.43%
"6,11 / 2",97,97,97,97,97,97,97,97,97,97,97,97,42,41,6,37,4,36,0,14,nan%,43.30%,42.27%,37.11%,38.14%,4.12%,0.00%,14.43%
"6,11 / 3",82,82,82,82,82,82,82,82,82,82,82,82,42,36,2,36,0,40,0,4,nan%,51.22%,43.90%,48.78%,43.90%,0.00%,0.00%,4.88%
"6,11 / 4",78,78,78,78,78,78,78,78,78,78,78,78,37,37,9,37,0,28,0,4,nan%,47.44%,47.44%,35.90%,47.44%,0.00%,0.00%,5.13%
"6,11 / 5",93,93,93,93,93,93,93,93,93,93,93,93,53,35,11,35,0,42,0,5,nan%,56.99%,37.63%,45.16%,37.63%,0.00%,0.00%,5.38%
"6,11 / 6",105,105,105,105,105,105,105,105,105,105,105,105,64,33,10,33,0,54,0,8,nan%,60.95%,31.43%,51.43%,31.43%,0.00%,0.00%,7.62%
"6,11 / 7",79,79,79,79,79,79,79,79,79,79,79,79,34,29,17,11,18,17,0,16,nan%,43.04%,36.71%,21.52%,13.92%,22.78%,0.00%,20.25%
"6,11 / 8",91,91,91,91,91,91,91,91,91,91,91,91,40,44,23,26,18,17,0,7,nan%,43.96%,48.35%,18.68%,28.57%,19.78%,0.00%,7.69%
"6,11 / 9",84,84,84,84,84,84,84,84,84,84,84,84,37,36,24,19,17,13,0,11,nan%,44.05%,42.86%,15.48%,22.62%,20.24%,0.00%,13.10%
"6,6 / 10",171,171,171,171,171,171,171,171,171,171,171,171,41,117,22,36,81,19,0,13,nan%,23.98%,68.42%,11.11%,21.05%,47.37%,0.00%,7.60%
"6,6 / 11",46,46,46,46,46,46,46,46,46,46,46,46,9,36,4,11,25,5,0,1,nan%,19.57%,78.26%,10.87%,23.91%,54.35%,0.00%,2.17%
"6,6 / 2",66,66,66,66,66,66,66,66,66,66,66,66,34,30,2,30,0,32,0,2,nan%,51.52%,45.45%,48.48%,45.45%,0.00%,0.00%,3.03%
"6,6 / 3",86,86,86,86,86,86,86,86,86,86,86,86,38,44,3,42,2,35,0,4,nan%,44.19%,51.16%,40.70%,48.84%,2.33%,0.00%,4.65%
"6,6 / 4",96,96,96,96,96,96,96,96,96,96,96,96,51,42,5,42,0,46,0,3,nan%,53.12%,43.75%,47.92%,43.75%,0.00%,0.00%,3.12%
"6,6 / 5",90,90,90,90,90,90,90,90,90,90,90,90,51,36,5,36,0,46,0,3,nan%,56.67%,40.00%,51.11%,40.00%,0.00%,0.00%,3.33%
"6,6 / 6",104,104,104,104,104,104,104,104,104,104,104,104,50,54,10,54,0,40,0,0,nan%,48.08%,51.92%,38.46%,51.92%,0.00%,0.00%,0.00%
"6,6 / 7",50,50,50,50,50,50,50,50,50,50,50,50,18,28,8,1,27,10,0,4,nan%,36.00%,56.00%,20.00%,2.00%,54.00%,0.00%,8.00%
"6,6 / 8",49,49,49,49,49,49,49,49,49,49,49,49,17,27,8,3,24,9,0,5,nan%,34.69%,55.10%,18.37%,6.12%,48.98%,0.00%,10.20%
"6,6 / 9",41,41,41,41,41,41,41,41,41,41,41,41,10,25,4,6,19,6,0,6,nan%,24.39%,60.98%,14.63%,14.63%,46.34%,0.00%,14.63%
"6,7 / 10",372,372,372,372,372,372,372,372,372,372,372,372,92,248,42,69,179,50,0,32,nan%,24.73%,66.67%,13.44%,18.55%,48.12%,0.00%,8.60%
"6,7 / 11",78,78,78,78,78,78,78,78,78,78,78,78,22,50,11,14,36,11,0,6,nan%,28.21%,64.10%,14.10%,17.95%,46.15%,0.00%,7.69%
"6,7 / 2",88,88,88,88,88,88,88,88,88,88,88,88,29,59,0,59,0,29,0,0,nan%,32.95%,67.05%,32.95%,67.05%,0.00%,0.00%,0.00%
"6,7 / 3",103,103,103,103,103,103,103,103,103,103,103,103,37,66,0,66,0,37,0,0,nan%,35.92%,64.08%,35.92%,64.08%,0.00%,0.00%,0.00%
"6,7 / 4",83,83,83,83,83,83,83,83,83,83,83,83,40,43,0,43,0,40,0,0,nan%,48.19%,51.81%,48.19%,51.81%,0.00%,0.00%,0.00%
"6,7 / 5",111,111,111,111,111,111,111,111,111,111,111,111,52,59,0,59,0,52,0,0,nan%,46.85%,53.15%,46.85%,53.15%,0.00%,0.00%,0.00%
"6,7 / 6",108,108,108,108,108,108,108,108,108,108,108,108,31,77,0,77,0,31,0,0,nan%,28.70%,71.30%,28.70%,71.30%,0.00%,0.00%,0.00%
"6,7 / 7",97,97,97,97,97,97,97,97,97,97,97,97,37,55,23,7,48,14,0,5,nan%,38.14%,56.70%,14.43%,7.22%,49.48%,0.00%,5.15%
"6,7 / 8",86,86,86,86,86,86,86,86,86,86,86,86,20,63,14,10,53,6,0,3,nan%,23.26%,73.26%,6.98%,11.63%,61.63%,0.00%,3.49%
"6,7 / 9",67,67,67,67,67,67,67,67,67,67,67,67,16,45,10,15,30,6,0,6,nan%,23.88%,67.16%,8.96%,22.39%,44.78%,0.00%,8.96%
"6,8 / 10",359,359,359,359,359,359,359,359,359,359,359,359,71,252,46,57,195,25,0,36,nan%,19.78%,70.19%,6.96%,15.88%,54.32%,0.00%,10.03%
"6,8 / 11",107,107,107,107,107,107,107,107,107,107,107,107,13,82,6,18,64,7,0,12,nan%,12.15%,76.64%,6.54%,16.82%,59.81%,0.00%,11.21%
"6,8 / 2",103,103,103,103,103,103,103,103,103,103,103,103,38,65,0,65,0,38,0,0,nan%,36.89%,63.11%,36.89%,63.11%,0.00%,0.00%,0.00%
"6,8 / 3",94,94,94,94,94,94,94,94,94,94,94,94,38,56,0,56,0,38,0,0,nan%,40.43%,59.57%,40.43%,59.57%,0.00%,0.00%,0.00%
"6,8 / 4",85,85,85,85,85,85,85,85,85,85,85,85,29,56,0,56,0,29,0,0,nan%,34.12%,65.88%,34.12%,65.88%,0.00%,0.00%,0.00%
"6,8 / 5",94,94,94,94,94,94,94,94,94,94,94,94,40,54,0,54,0,40,0,0,nan%,42.55%,57.45%,42.55%,57.45%,0.00%,0.00%,0.00%
"6,8 / 6",97,97,97,97,97,97,97,97,97,97,97,97,34,63,0,63,0,34,0,0,nan%,35.05%,64.95%,35.05%,64.95%,0.00%,0.00%,0.00%
"6,8 / 7",79,79,79,79,79,79,79,79,79,79,79,79,24,49,15,4,45,9,0,6,nan%,30.38%,62.03%,11.39%,5.06%,56.96%,0.00%,7.59%
"6,8 / 8",102,102,102,102,102,102,102,102,102,102,102,102,29,66,17,8,58,12,0,7,nan%,28.43%,64.71%,11.76%,7.84%,56.86%,0.00%,6.86%
"6,8 / 9",93,93,93,93,93,93,93,93,93,93,93,93,25,62,14,13,49,11,0,6,nan%,26.88%,66.67%,11.83%,13.98%,52.69%,0.00%,6.45%
"6,9 / 10",383,383,383,383,383,383,383,383,383,383,383,383,79,278,46,61,217,33,0,26,nan%,20.63%,72.58%,8.62%,15.93%,56.66%,0.00%,6.79%
"6,9 / 11",89,89,89,89,89,89,89,89,89,89,89,89,12,72,6,14,58,6,0,5,nan%,13.48%,80.90%,6.74%,15.73%,65.17%,0.00%,5.62%
"6,9 / 2",102,102,102,102,102,102,102,102,102,102,102,102,40,62,0,62,0,40,0,0,nan%,39.22%,60.78%,39.22%,60.78%,0.00%,0.00%,0.00%
"6,9 / 3",104,104,104,104,104,104,104,104,104,104,104,104,40,64,0,64,0,40,0,0,nan%,38.46%,61.54%,38.46%,61.54%,0.00%,0.00%,0.00%
"6,9 / 4",95,95,95,95,95,95,95,95,95,95,95,95,39,56,0,56,0,39,0,0,nan%,41.05%,58.95%,41.05%,58.95%,0.00%,0.00%,0.00%
"6,9 / 5",99,99,99,99,99,99,99,99,99,99,99,99,46,53,0,53,0,46,0,0,nan%,46.46%,53.54%,46.46%,53.54%,0.00%,0.00%,0.00%
"6,9 / 6",74,74,74,74,74,74,74,74,74,74,74,74,21,53,0,53,0,21,0,0,nan%,28.38%,71.62%,28.38%,71.62%,0.00%,0.00%,0.00%
"6,9 / 7",87,87,87,87,87,87,87,87,87,87,87,87,23,57,14,9,48,9,0,7,nan%,26.44%,65.52%,10.34%,10.34%,55.17%,0.00%,8.05%
"6,9 / 8",92,92,92,92,92,92,92,92,92,92,92,92,19,69,14,10,59,5,0,4,nan%,20.65%,75.00%,5.43%,10.87%,64.13%,0.00%,4.35%
"6,9 / 9",108,108,108,108,108,108,108,108,108,108,108,108,30,72,17,9,63,13,0,6,nan%,27.78%,66.67%,12.04%,8.33%,58.33%,0.00%,5.56%
"7,10 / 10",1408,1408,1408,1408,1408,1408,1408,1408,1408,1408,1408,1408,294,953,0,953,0,294,0,161,nan%,20.88%,67.68%,20.88%,67.68%,0.00%,0.00%,11.43%
"7,10 / 11",371,371,371,371,371,371,371,371,371,371,371,371,99,234,0,234,0,99,0,38,nan%,26.68%,63.07%,26.68%,63.07%,0.00%,0.00%,10.24%
"7,10 / 2",345,345,345,345,345,345,345,345,345,345,345,345,139,165,0,165,0,139,0,41,nan%,40.29%,47.83%,40.29%,47.83%,0.00%,0.00%,11.88%
"7,10 / 3",348,348,348,348,348,348,348,348,348,348,348,348,136,163,0,163,0,136,0,49,nan%,39.08%,46.84%,39.08%,46.84%,0.00%,0.00%,14.08%
"7,10 / 4",387,387,387,387,387,387,387,387,387,387,387,387,148,189,0,189,0,148,0,50,nan%,38.24%,48.84%,38.24%,48.84%,0.00%,0.00%,12.92%
"7,10 / 5",363,363,363,363,363,363,363,363,363,363,363,363,160,160,0,160,0,160,0,43,nan%,44.08%,44.08%,44.08%,44.08%,0.00%,0.00%,11.85%
"7,10 / 6",356,356,356,356,356,356,356,356,356,356,356,356,173,139,0,139,0,173,0,44,nan%,48.60%,39.04%,48.60%,39.04%,0.00%,0.00%,12.36%
"7,10 / 7",350,350,350,350,350,350,350,350,350,350,350,350,101,133,0,133,0,101,0,116,nan%,28.86%,38.00%,28.86%,38.00%,0.00%,0.00%,33.14%
"7,10 / 8",321,321,321,321,321,321,321,321,321,321,321,321,82,187,0,187,0,82,0,52,nan%,25.55%,58.26%,25.55%,58.26%,0.00%,0.00%,16.20%
"7,10 / 9",364,364,364,364,364,364,364,364,364,364,364,364,85,240,0,240,0,85,0,39,nan%,23.35%,65.93%,23.35%,65.93%,0.00%,0.00%,10.71%
"7,11 / 10",370,370,370,370,370,370,370,370,370,370,370,370,120,218,55,130,88,65,0,32,nan%,32.43%,58.92%,17.57%,35.14%,23.78%,0.00%,8.65%
"7,11 / 11",78,78,78,78,78,78,78,78,78,78,78,78,31,39,17,30,9,14,0,8,nan%,39.74%,50.00%,17.95%,38.46%,11.54%,0.00%,10.26%
"7,11 / 2",99,99,99,99,99,99,99,99,99,99,99,99,55,39,14,39,0,41,0,5,nan%,55.56%,39.39%,41.41%,39.39%,0.00%,0.00%,5.05%
"7,11 / 3",91,91,91,91,91,91,91,91,91,91,91,91,53,33,14,33,0,39,0,5,nan%,58.24%,36.26%,42.86%,36.26%,0.00%,0.00%,5.49%
"7,11 / 4",80,80,80,80,80,80,80,80,80,80,80,80,43,27,11,27,0,32,0,10,nan%,53.75%,33.75%,40.00%,33.75%,0.00%,0.00%,12.50%
"7,11 / 5",83,83,83,83,83,83,83,83,83,83,83,83,38,44,5,44,0,33,0,1,nan%,45.78%,53.01%,39.76%,53.01%,0.00%,0.00%,1.20%
"7,11 / 6",94,94,94,94,94,94,94,94,94,94,94,94,54,35,17,35,0,37,0,5,nan%,57.45%,37.23%,39.36%,37.23%,0.00%,0.00%,5.32%
"7,11 / 7",106,106,106,106,106,106,106,106,106,106,106,106,74,12,43,12,0,31,0,20,nan%,69.81%,11.32%,29.25%,11.32%,0.00%,0.00%,18.87%
"7,11 / 8",85,85,85,85,85,85,85,85,85,85,85,85,28,21,11,21,0,17,0,36,nan%,32.94%,24.71%,20.00%,24.71%,0.00%,0.00%,42.35%
"7,11 / 9",90,90,90,90,90,90,90,90,90,90,90,90,28,50,17,35,15,11,0,12,nan%,31.11%,55.56%,12.22%,38.89%,16.67%,0.00%,13.33%
"7,7 / 10",196,196,196,196,196,196,196,196,196,196,196,196,58,129,30,29,100,28,0,9,nan%,29.59%,65.82%,14.29%,14.80%,51.02%,0.00%,4.59%
"7,7 / 11",49,49,49,49,49,49,49,49,49,49,49,49,10,35,9,12,23,1,0,4,nan%,20.41%,71.43%,2.04%,24.49%,46.94%,0.00%,8.16%
"7,7 / 2",78,78,78,78,78,78,78,78,78,78,78,78,25,45,5,45,0,20,0,8,nan%,32.05%,57.69%,25.64%,57.69%,0.00%,0.00%,10.26%
"7,7 / 3",102,102,102,102,102,102,102,102,102,102,102,102,44,54,1,50,4,43,0,4,nan%,43.14%,52.94%,42.16%,49.02%,3.92%,0.00%,3.92%
"7,7 / 4",96,96,96,96,96,96,96,96,96,96,96,96,54,38,2,38,0,52,0,4,nan%,56.25%,39.58%,54.17%,39.58%,0.00%,0.00%,4.17%
"7,7 / 5",88,88,88,88,88,88,88,88,88,88,88,88,41,43,5,43,0,36,0,4,nan%,46.59%,48.86%,40.91%,48.86%,0.00%,0.00%,4.55%
"7,7 / 6",100,100,100,100,100,100,100,100,100,100,100,100,51,41,7,41,0,44,0,8,nan%,51.00%,41.00%,44.00%,41.00%,0.00%,0.00%,8.00%
"7,7 / 7",86,86,86,86,86,86,86,86,86,86,86,86,24,41,8,16,25,16,0,21,nan%,27.91%,47.67%,18.60%,18.60%,29.07%,0.00%,24.42%
"7,7 / 8",48,48,48,48,48,48,48,48,48,48,48,48,15,31,5,5,26,10,0,2,nan%,31.25%,64.58%,20.83%,10.42%,54.17%,0.00%,4.17%
"7,7 / 9",59,59,59,59,59,59,59,59,59,59,59,59,11,45,7,5,40,4,0,3,nan%,18.64%,76.27%,6.78%,8.47%,67.80%,0.00%,5.08%
"7,8 / 10",340,340,340,340,340,340,340,340,340,340,340,340,67,257,29,53,204,38,0,16,nan%,19.71%,75.59%,11.18%,15.59%,60.00%,0.00%,4.71%
"7,8 / 11",86,86,86,86,86,86,86,86,86,86,86,86,10,73,3,23,50,7,0,3,nan%,11.63%,84.88%,8.14%,26.74%,58.14%,0.00%,3.49%
"7,8 / 2",100,100,100,100,100,100,100,100,100,100,100,100,31,69,0,69,0,31,0,0,nan%,31.00%,69.00%,31.00%,69.00%,0.00%,0.00%,0.00%
"7,8 / 3",103,103,103,103,103,103,103,103,103,103,103,103,45,58,0,58,0,45,0,0,nan%,43.69%,56.31%,43.69%,56.31%,0.00%,0.00%,0.00%
"7,8 / 4",100,100,100,100,100,100,100,100,100,100,100,100,35,65,0,65,0,35,0,0,nan%,35.00%,65.00%,35.00%,65.00%,0.00%,0.00%,0.00%
"7,8 / 5",91,91,91,91,91,91,91,91,91,91,91,91,36,55,0,55,0,36,0,0,nan%,39.56%,60.44%,39.56%,60.44%,0.00%,0.00%,0.00%
"7,8 / 6",110,110,110,110,110,110,110,110,110,110,110,110,52,58,0,58,0,52,0,0,nan%,47.27%,52.73%,47.27%,52.73%,0.00%,0.00%,0.00%
"7,8 / 7",98,98,98,98,98,98,98,98,98,98,98,98,26,66,16,10,56,10,0,6,nan%,26.53%,67.35%,10.20%,10.20%,57.14%,0.00%,6.12%
"7,8 / 8",80,80,80,80,80,80,80,80,80,80,80,80,23,53,12,7,46,11,0,4,nan%,28.75%,66.25%,13.75%,8.75%,57.50%,0.00%,5.00%
"7,8 / 9",102,102,102,102,102,102,102,102,102,102,102,102,26,72,19,12,60,7,0,4,nan%,25.49%,70.59%,6.86%,11.76%,58.82%,0.00%,3.92%
"7,9 / 10",363,363,363,363,363,363,363,363,363,363,363,363,79,266,44,55,211,35,0,18,nan%,21.76%,73.28%,9.64%,15.15%,58.13%,0.00%,4.96%
"7,9 / 11",120,120,120,120,120,120,120,120,120,120,120,120,27,86,14,13,73,13,0,7,nan%,22.50%,71.67%,10.83%,10.83%,60.83%,0.00%,5.83%
"7,9 / 2",107,107,107,107,107,107,107,107,107,107,107,107,39,68,0,68,0,39,0,0,nan%,36.45%,63.55%,36.45%,63.55%,0.00%,0.00%,0.00%
"7,9 / 3",91,91,91,91,91,91,91,91,91,91,91,91,32,59,0,59,0,32,0,0,nan%,35.16%,64.84%,35.16%,64.84%,0.00%,0.00%,0.00%
"7,9 / 4",104,104,104,104,104,104,104,104,104,104,104,104,37,67,0,67,0,37,0,0,nan%,35.58%,64.42%,35.58%,64.42%,0.00%,0.00%,0.00%
"7,9 / 5",86,86,86,86,86,86,86,86,86,86,86,86,42,44,0,44,0,42,0,0,nan%,48.84%,51.16%,48.84%,51.16%,0.00%,0.00%,0.00%
"7,9 / 6",104,104,104,104,104,104,104,104,104,104,104,104,45,59,0,59,0,45,0,0,nan%,43.27%,56.73%,43.27%,56.73%,0.00%,0.00%,0.00%
"7,9 / 7",88,88,88,88,88,88,88,88,88,88,88,88,29,53,16,3,50,13,0,6,nan%,32.95%,60.23%,14.77%,3.41%,56.82%,0.00%,6.82%
"7,9 / 8",85,85,85,85,85,85,85,85,85,85,85,85,29,53,16,5,48,13,0,3,nan%,34.12%,62.35%,15.29%,5.88%,56.47%,0.00%,3.53%
"7,9 / 9",91,91,91,91,91,91,91,91,91,91,91,91,24,59,19,8,51,5,0,8,nan%,26.37%,64.84%,5.49%,8.79%,56.04%,0.00%,8.79%
"8,10 / 10",1493,1493,1493,1493,1493,1493,1493,1493,1493,1493,1493,1493,520,810,166,810,0,354,0,163,nan%,34.83%,54.25%,23.71%,54.25%,0.00%,0.00%,10.92%
"8,10 / 11",364,364,364,364,364,364,364,364,364,364,364,364,136,199,50,199,0,86,0,29,nan%,37.36%,54.67%,23.63%,54.67%,0.00%,0.00%,7.97%
"8,10 / 2",323,323,323,323,323,323,323,323,323,323,323,323,161,114,44,114,0,117,0,48,nan%,49.85%,35.29%,36.22%,35.29%,0.00%,0.00%,14.86%
"8,10 / 3",359,359,359,359,359,359,359,359,359,359,359,359,188,124,49,124,0,139,0,47,nan%,52.37%,34.54%,38.72%,34.54%,0.00%,0.00%,13.09%
"8,10 / 4",357,357,357,357,357,357,357,357,357,357,357,357,189,125,44,125,0,145,0,43,nan%,52.94%,35.01%,40.62%,35.01%,0.00%,0.00%,12.04%
"8,10 / 5",374,374,374,374,374,374,374,374,374,374,374,374,208,115,41,115,0,167,0,51,nan%,55.61%,30.75%,44.65%,30.75%,0.00%,0.00%,13.64%
"8,10 / 6",374,374,374,374,374,374,374,374,374,374,374,374,227,107,63,107,0,164,0,40,nan%,60.70%,28.61%,43.85%,28.61%,0.00%,0.00%,10.70%
"8,10 / 7",385,385,385,385,385,385,385,385,385,385,385,385,251,92,133,92,0,118,0,42,nan%,65.19%,23.90%,30.65%,23.90%,0.00%,0.00%,10.91%
"8,10 / 8",324,324,324,324,324,324,324,324,324,324,324,324,116,75,43,75,0,73,0,133,nan%,35.80%,23.15%,22.53%,23.15%,0.00%,0.00%,41.05%
"8,10 / 9",350,350,350,350,350,350,350,350,350,350,350,350,124,187,40,187,0,84,0,39,nan%,35.43%,53.43%,24.00%,53.43%,0.00%,0.00%,11.14%
"8,11 / 10",413,413,413,413,413,413,413,413,413,413,413,413,182,186,97,186,0,85,0,45,nan%,44.07%,45.04%,20.58%,45.04%,0.00%,0.00%,10.90%
"8,11 / 11",69,69,69,69,69,69,69,69,69,69,69,69,30,28,11,28,0,19,0,11,nan%,43.48%,40.58%,27.54%,40.58%,0.00%,0.00%,15.94%
"8,11 / 2",86,86,86,86,86,86,86,86,86,86,86,86,55,18,21,18,0,34,0,13,nan%,63.95%,20.93%,39.53%,20.93%,0.00%,0.00%,15.12%
"8,11 / 3",104,104,104,104,104,104,104,104,104,104,104,104,58,32,27,32,0,31,0,14,nan%,55.77%,30.77%,29.81%,30.77%,0.00%,0.00%,13.46%
"8,11 / 4",78,78,78,78,78,78,78,78,78,78,78,78,47,17,12,17,0,35,0,14,nan%,60.26%,21.79%,44.87%,21.79%,0.00%,0.00%,17.95%
"8,11 / 5",91,91,91,91,91,91,91,91,91,91,91,91,66,20,23,20,0,43,0,5,nan%,72.53%,21.98%,47.25%,21.98%,0.00%,0.00%,5.49%
"8,11 / 6",71,71,71,71,71,71,71,71,71,71,71,71,53,7,16,7,0,37,0,11,nan%,74.65%,9.86%,52.11%,9.86%,0.00%,0.00%,15.49%
"8,11 / 7",99,99,99,99,99,99,99,99,99,99,99,99,81,10,51,10,0,30,0,8,nan%,81.82%,10.10%,30.30%,10.10%,0.00%,0.00%,8.08%
"8,11 / 8",91,91,91,91,91,91,91,91,91,91,91,91,73,7,44,7,0,29,0,11,nan%,80.22%,7.69%,31.87%,7.69%,0.00%,0.00%,12.09%
"8,11 / 9",110,110,110,110,110,110,110,110,110,110,110,110,53,20,31,20,0,22,0,37,nan%,48.18%,18.18%,20.00%,18.18%,0.00%,0.00%,33.64%
"8,8 / 10",414,414,414,414,414,414,414,414,414,414,414,414,113,255,55,174,81,58,0,46,nan%,27.29%,61.59%,14.01%,42.03%,19.57%,0.00%,11.11%
"8,8 / 11",62,62,62,62,62,62,62,62,62,62,62,62,18,40,6,23,17,12,0,4,nan%,29.03%,64.52%,19.35%,37.10%,27.42%,0.00%,6.45%
"8,8 / 2",96,96,96,96,96,96,96,96,96,96,96,96,40,48,11,44,4,29,0,8,nan%,41.67%,50.00%,30.21%,45.83%,4.17%,0.00%,8.33%
"8,8 / 3",68,68,68,68,68,68,68,68,68,68,68,68,34,33,8,32,1,26,0,1,nan%,50.00%,48.53%,38.24%,47.06%,1.47%,0.00%,1.47%
"8,8 / 4",100,100,100,100,100,100,100,100,100,100,100,100,37,52,9,52,0,28,0,11,nan%,37.00%,52.00%,28.00%,52.00%,0.00%,0.00%,11.00%
"8,8 / 5",82,82,82,82,82,82,82,82,82,82,82,82,48,31,6,31,0,42,0,3,nan%,58.54%,37.80%,51.22%,37.80%,0.00%,0.00%,3.66%
"8,8 / 6",82,82,82,82,82,82,82,82,82,82,82,82,43,35,5,35,0,38,0,4,nan%,52.44%,42.68%,46.34%,42.68%,0.00%,0.00%,4.88%
"8,8 / 7",84,84,84,84,84,84,84,84,84,84,84,84,51,24,25,7,17,26,0,9,nan%,60.71%,28.57%,30.95%,8.33%,20.24%,0.00%,10.71%
"8,8 / 8",72,72,72,72,72,72,72,72,72,72,72,72,28,33,15,13,20,13,0,11,nan%,38.89%,45.83%,18.06%,18.06%,27.78%,0.00%,15.28%
"8,8 / 9",86,86,86,86,86,86,86,86,86,86,86,86,28,49,8,35,14,20,0,9,nan%,32.56%,56.98%,23.26%,40.70%,16.28%,0.00%,10.47%
"8,9 / 10",344,344,344,344,344,344,344,344,344,344,344,344,62,232,0,232,0,62,0,50,nan%,18.02%,67.44%,18.02%,67.44%,0.00%,0.00%,14.53%
"8,9 / 11",90,90,90,90,90,90,90,90,90,90,90,90,25,60,0,60,0,25,0,5,nan%,27.78%,66.67%,27.78%,66.67%,0.00%,0.00%,5.56%
"8,9 / 2",85,85,85,85,85,85,85,85,85,85,85,85,31,48,0,48,0,31,0,6,nan%,36.47%,56.47%,36.47%,56.47%,0.00%,0.00%,7.06%
"8,9 / 3",94,94,94,94,94,94,94,94,94,94,94,94,29,49,0,49,0,29,0,16,nan%,30.85%,52.13%,30.85%,52.13%,0.00%,0.00%,17.02%
"8,9 / 4",86,86,86,86,86,86,86,86,86,86,86,86,34,40,0,40,0,34,0,12,nan%,39.53%,46.51%,39.53%,46.51%,0.00%,0.00%,13.95%
"8,9 / 5",71,71,71,71,71,71,71,71,71,71,71,71,31,28,0,28,0,31,0,12,nan%,43.66%,39.44%,43.66%,39.44%,0.00%,0.00%,16.90%
"8,9 / 6",95,95,95,95,95,95,95,95,95,95,95,95,38,39,0,39,0,38,0,18,nan%,40.00%,41.05%,40.00%,41.05%,0.00%,0.00%,18.95%
"8,9 / 7",73,73,73,73,73,73,73,73,73,73,73,73,22,26,0,26,0,22,0,25,nan%,30.14%,35.62%,30.14%,35.62%,0.00%,0.00%,34.25%
"8,9 / 8",95,95,95,95,95,95,95,95,95,95,95,95,26,58,0,58,0,26,0,11,nan%,27.37%,61.05%,27.37%,61.05%,0.00%,0.00%,11.58%
"8,9 / 9",85,85,85,85,85,85,85,85,85,85,85,85,13,64,0,64,0,13,0,8,nan%,15.29%,75.29%,15.29%,75.29%,0.00%,0.00%,9.41%
"9,10 / 10",1454,1454,1454,1454,1454,1454,1454,1454,1454,1454,1454,1454,643,665,305,665,0,338,0,146,nan%,44.22%,45.74%,23.25%,45.74%,0.00%,0.00%,10.04%
"9,10 / 11",367,367,367,367,367,367,367,367,367,367,367,367,178,160,72,160,0,106,0,29,nan%,48.50%,43.60%,28.88%,43.60%,0.00%,0.00%,7.90%
"9,10 / 2",358,358,358,358,358,358,358,358,358,358,358,358,224,92,85,92,0,139,0,42,nan%,62.57%,25.70%,38.83%,25.70%,0.00%,0.00%,11.73%
"9,10 / 3",370,370,370,370,370,370,370,370,370,370,370,370,231,99,96,99,0,135,0,40,nan%,62.43%,26.76%,36.49%,26.76%,0.00%,0.00%,10.81%
"9,10 / 4",347,347,347,347,347,347,347,347,347,347,347,347,229,74,81,74,0,148,0,44,nan%,65.99%,21.33%,42.65%,21.33%,0.00%,0.00%,12.68%
"9,10 / 5",371,371,371,371,371,371,371,371,371,371,371,371,254,74,87,74,0,167,0,43,nan%,68.46%,19.95%,45.01%,19.95%,0.00%,0.00%,11.59%
"9,10 / 6",388,388,388,388,388,388,388,388,388,388,388,388,284,80,118,80,0,166,0,24,nan%,73.20%,20.62%,42.78%,20.62%,0.00%,0.00%,6.19%
"9,10 / 7",350,350,350,350,350,350,350,350,350,350,350,350,268,52,189,52,0,79,0,30,nan%,76.57%,14.86%,22.57%,14.86%,0.00%,0.00%,8.57%
"9,10 / 8",365,365,365,365,365,365,365,365,365,365,365,365,278,45,190,45,0,88,0,42,nan%,76.16%,12.33%,24.11%,12.33%,0.00%,0.00%,11.51%
"9,10 / 9",350,350,350,350,350,350,350,350,350,350,350,350,174,65,94,65,0,80,0,111,nan%,49.71%,18.57%,22.86%,18.57%,0.00%,0.00%,31.71%
"9,11 / 10",374,374,374,374,374,374,374,374,374,374,374,374,214,35,137,35,0,77,0,125,nan%,57.22%,9.36%,20.59%,9.36%,0.00%,0.00%,33.42%
"9,11 / 11",85,85,85,85,85,85,85,85,85,85,85,85,44,28,25,28,0,19,0,13,nan%,51.76%,32.94%,22.35%,32.94%,0.00%,0.00%,15.29%
"9,11 / 2",91,91,91,91,91,91,91,91,91,91,91,91,71,10,33,10,0,38,0,10,nan%,78.02%,10.99%,41.76%,10.99%,0.00%,0.00%,10.99%
"9,11 / 3",91,91,91,91,91,91,91,91,91,91,91,91,69,13,35,13,0,34,0,9,nan%,75.82%,14.29%,37.36%,14.29%,0.00%,0.00%,9.89%
"9,11 / 4",80,80,80,80,80,80,80,80,80,80,80,80,63,7,34,7,0,29,0,10,nan%,78.75%,8.75%,36.25%,8.75%,0.00%,0.00%,12.50%
"9,11 / 5",105,105,105,105,105,105,105,105,105,105,105,105,72,20,31,20,0,41,0,13,nan%,68.57%,19.05%,39.05%,19.05%,0.00%,0.00%,12.38%
"9,11 / 6",99,99,99,99,99,99,99,99,99,99,99,99,82,10,39,10,0,43,0,7,nan%,82.83%,10.10%,43.43%,10.10%,0.00%,0.00%,7.07%
"9,11 / 7",94,94,94,94,94,94,94,94,94,94,94,94,78,5,55,5,0,23,0,11,nan%,82.98%,5.32%,24.47%,5.32%,0.00%,0.00%,11.70%
"9,11 / 8",95,95,95,95,95,95,95,95,95,95,95,95,80,7,56,7,0,24,0,8,nan%,84.21%,7.37%,25.26%,7.37%,0.00%,0.00%,8.42%
"9,11 / 9",102,102,102,102,102,102,102,102,102,102,102,102,85,5,69,5,0,16,0,12,nan%,83.33%,4.90%,15.69%,4.90%,0.00%,0.00%,11.76%
"9,9 / 10",184,184,184,184,184,184,184,184,184,184,184,184,68,98,21,98,0,47,0,18,nan%,36.96%,53.26%,25.54%,53.26%,0.00%,0.00%,9.78%
"9,9 / 11",49,49,49,49,49,49,49,49,49,49,49,49,19,26,5,26,0,14,0,4,nan%,38.78%,53.06%,28.57%,53.06%,0.00%,0.00%,8.16%
"9,9 / 2",88,88,88,88,88,88,88,88,88,88,88,88,46,36,16,33,3,30,0,6,nan%,52.27%,40.91%,34.09%,37.50%,3.41%,0.00%,6.82%
"9,9 / 3",92,92,92,92,92,92,92,92,92,92,92,92,58,29,20,28,1,38,0,5,nan%,63.04%,31.52%,41.30%,30.43%,1.09%,0.00%,5.43%
"9,9 / 4",86,86,86,86,86,86,86,86,86,86,86,86,45,37,9,37,0,36,0,4,nan%,52.33%,43.02%,41.86%,43.02%,0.00%,0.00%,4.65%
"9,9 / 5",86,86,86,86,86,86,86,86,86,86,86,86,44,34,12,34,0,32,0,8,nan%,51.16%,39.53%,37.21%,39.53%,0.00%,0.00%,9.30%
"9,9 / 6",84,84,84,84,84,84,84,84,84,84,84,84,43,37,13,37,0,30,0,4,nan%,51.19%,44.05%,35.71%,44.05%,0.00%,0.00%,4.76%
"9,9 / 7",45,45,45,45,45,45,45,45,45,45,45,45,28,11,15,11,0,13,0,6,nan%,62.22%,24.44%,28.89%,24.44%,0.00%,0.00%,13.33%
"9,9 / 8",102,102,102,102,102,102,102,102,102,102,102,102,60,34,28,11,23,32,0,8,nan%,58.82%,33.33%,31.37%,10.78%,22.55%,0.00%,7.84%
"9,9 / 9",88,88,88,88,88,88,88,88,88,88,88,88,38,39,24,17,22,14,0,11,nan%,43.18%,44.32%,15.91%,19.32%,25.00%,0.00%,12.50%
